NOW,TEAM_ID,millis,count,altp,temp,umi,p,gp,gr,gy,ap,ar,ay,hora,data,alt,lat,lon,sat,pqd,rssi
2025-10-31 20:52:00,0,2025/10/31,863.80,-22.28705750,-42.54229050,4,0,-62
2025-10-31 20:52:01,#100,107903,277,-1.09,21.84,nan,921.31,-0.05,0.03,0.00,-0.25,3.49,8.72,23:52:00,2025/10/31,863.80,-22.28705750,-42.54229050,4,0,-61
2025-10-31 20:52:02,#100,109051,280,-1.00,21.87,nan,921.31,-0.05,0.03,0.00,-0.25,3.45,8.79,23:52:01,2025/10/31,863.90,-22.28705717,-42.54229000,4,0,-58
2025-10-31 20:52:03,#100,109932,282,-0.84,21.88,nan,921.29,-0.05,0.03,0.00,-0.22,3.45,8.78,23:52:02,2025/10/31,864.00,-22.28705683,-42.54228983,4,0,-59
2025-10-31 20:52:03,#100,110312,283,-1.11,21.89,nan,921.31,-0.05,0.03,0.00,-0.22,3.42,8.75,23:52:03,2025/10/31,864.00,-22.28705650,-42.54228850,4,0,-58
2025-10-31 20:52:04,#100,111074,285,-0.72,21.90,nan,921.27,-0.05,0.03,0.01,-0.28,3.44,8.73,23:52:03,2025/10/31,864.20,-22.28705650,-42.54228850,4,0,-58
2025-10-31 20:52:04,#100,111839,287,-1.26,21.92,nan,921.33,-0.05,0.03,0.00,-0.25,3.47,8.77,23:52:04,2025/10/31,864.50,-22.28705683,-42.54228550,5,0,-58
2025-10-31 20:52:05,#100,112223,288,-0.99,21.92,nan,921.30,-0.05,0.03,0.01,-0.24,3.45,8.80,23:52:04,2025/10/31,864.50,-22.28705683,-42.54228550,5,0,-56
2025-10-31 20:52:05,#100,112991,290,-1.09,21.94,nan,921.32,-0.05,0.03,0.01,-0.19,3.49,8.71,23:52:05,2025/10/31,864.50,-22.28705700,-42.54228517,5,0,-58
2025-10-31 20:52:06,#100,113413,291,-1.18,21.95,nan,921.33,-0.05,0.03,0.00,-0.22,3.44,8.73,23:52:06,2025/10/31,864.80,-22.28705700,-42.54228400,5,0,-57
2025-10-31 20:52:06,#100,113778,292,-1.31,21.96,nan,921.34,-0.05,0.03,0.00,-0.17,3.41,8.79,23:52:06,2025/10/31,864.80,-22.28705700,-42.54228400,5,0,-57
2025-10-31 20:52:07,#100,114144,293,-1.29,21.96,nan,921.34,-0.04,0.03,0.01,-0.25,3.41,8.69,23:52:06,2025/10/31,864.80,-22.28705700,-42.54228400,5,0,-57
2025-10-31 20:52:07,#100,114509,294,-0.97,21.97,nan,921.30,-0.05,0.03,0.00,-0.25,3.46,8.69,23:52:07,2025/10/31,865.40,-22.28705633,-42.54228233,5,0,-57
2025-10-31 20:52:08,#100,114875,295,-1.11,21.98,nan,921.32,-0.05,0.03,0.01,-0.23,3.44,8.78,23:52:07,2025/10/31,865.40,-22.28705633,-42.54228233,5,0,-56
2025-10-31 20:52:08,#100,115245,296,-1.44,21.99,nan,921.35,-0.05,0.03,0.00,-0.20,3.54,8.76,23:52:07,2025/10/31,865.40,-22.28705633,-42.54228233,5,0,-57
2025-10-31 20:52:09,#100,115618,297,-1.40,21.99,nan,921.35,-0.05,0.03,0.00,-0.23,3.44,8.72,23:52:08,2025/10/31,865.80,-22.28705583,-42.54228133,5,0,-57
2025-10-31 20:52:09,#100,116110,298,-1.35,22.00,nan,921.34,-0.05,0.03,0.00,-0.23,3.47,8.79,23:52:08,2025/10/31,865.80,-22.28705583,-42.54228133,5,0,-57
2025-10-31 20:52:10,#100,116474,299,-1.59,22.01,nan,921.37,-0.05,0.03,0.01,-0.25,3.49,8.76,23:52:09,2025/10/31,866.00,-22.28705567,-42.54228067,5,0,-57
2025-10-31 20:52:10,#100,116845,300,-1.17,22.02,nan,921.32,-0.05,0.03,0.01,-0.21,3.51,8.74,23:52:09,2025/10/31,866.00,-22.28705567,-42.54228067,5,0,-57
2025-10-31 20:52:11,#100,117216,301,-1.37,22.02,nan,921.35,-0.05,0.03,0.00,-0.18,3.45,8.73,23:52:09,2025/10/31,866.00,-22.28705567,-42.54228067,5,0,-57
2025-10-31 20:52:11,#100,117591,302,-1.14,22.03,nan,921.32,-0.05,0.03,0.00,-0.22,3.42,8.78,23:52:10,2025/10/31,866.10,-22.28705567,-42.54228000,5,0,-57
2025-10-31 20:52:12,#100,117969,303,-1.36,22.04,nan,921.34,-0.05,0.03,0.00,-0.31,3.46,8.76,23:52:10,2025/10/31,866.10,-22.28705567,-42.54228000,5,0,-58
2025-10-31 20:52:12,#100,118721,305,-1.30,22.06,nan,921.34,-0.05,0.02,0.00,-0.18,3.48,8.69,23:52:11,2025/10/31,866.20,-22.28705617,-42.54227950,5,0,-58
2025-10-31 20:52:13,#100,119471,307,-1.35,22.07,nan,921.34,-0.05,0.03,0.00,-0.28,3.45,8.66,23:52:12,2025/10/31,866.70,-22.28705633,-42.54227750,5,0,-57
2025-10-31 20:52:13,#100,119849,308,-1.46,22.08,nan,921.36,-0.05,0.03,0.01,-0.19,3.49,8.68,23:52:12,2025/10/31,866.70,-22.28705633,-42.54227750,5,0,-57
2025-10-31 20:52:14,#100,120232,309,-1.15,22.09,nan,921.32,-0.04,0.04,0.00,-0.18,3.40,8.76,23:52:12,2025/10/31,866.70,-22.28705633,-42.54227750,5,0,-58
2025-10-31 20:52:14,#100,120993,311,-1.32,22.11,nan,921.34,-0.06,0.03,0.01,-0.27,3.46,8.77,23:52:13,2025/10/31,866.70,-22.28705650,-42.54227633,5,0,-59
2025-10-31 20:52:15,#100,121372,312,-1.55,22.11,nan,921.37,-0.05,0.03,0.00,-0.21,3.41,8.78,23:52:14,2025/10/31,867.40,-22.28705733,-42.54227133,5,0,-58
2025-10-31 20:52:15,#100,121752,313,-1.25,22.12,nan,921.33,-0.05,0.03,0.01,-0.16,3.42,8.71,23:52:14,2025/10/31,867.40,-22.28705733,-42.54227133,5,0,-59
2025-10-31 20:52:16,#100,122256,314,-1.00,22.12,nan,921.30,-0.05,0.03,0.00,-0.22,3.49,8.75,23:52:14,2025/10/31,867.40,-22.28705733,-42.54227133,5,0,-59
2025-10-31 20:52:16,#100,122633,315,-1.08,22.14,nan,921.31,-0.05,0.03,0.00,-0.19,3.47,8.75,23:52:15,2025/10/31,867.60,-22.28705817,-42.54226883,5,0,-59
2025-10-31 20:52:17,#100,123016,316,-1.29,22.15,nan,921.34,-0.05,0.03,0.01,-0.33,3.49,8.71,23:52:15,2025/10/31,867.60,-22.28705817,-42.54226883,5,0,-59
2025-10-31 20:52:17,#100,123395,317,-1.37,22.16,nan,921.35,-0.05,0.03,0.01,-0.21,3.45,8.83,23:52:16,2025/10/31,868.10,-22.28705850,-42.54226567,5,0,-59
2025-10-31 20:52:18,#100,123775,318,-1.49,22.16,nan,921.36,-0.05,0.03,0.01,-0.24,3.45,8.72,23:52:16,2025/10/31,868.10,-22.28705850,-42.54226567,5,0,-59
2025-10-31 20:52:18,#100,124157,319,-1.48,22.17,nan,921.36,-0.05,0.03,0.00,-0.23,3.44,8.73,23:52:16,2025/10/31,868.10,-22.28705850,-42.54226567,5,0,-59
2025-10-31 20:52:19,#100,124541,320,-1.51,22.19,nan,921.36,-0.05,0.03,0.00,-0.22,3.49,8.77,23:52:17,2025/10/31,868.70,-22.28705883,-42.54226283,5,0,-59
2025-10-31 20:52:19,#100,125312,322,-1.25,22.20,nan,921.33,-0.05,0.03,0.00,-0.18,3.43,8.79,23:52:18,2025/10/31,868.70,-22.28705917,-42.54226033,5,0,-60
2025-10-31 20:52:20,#100,125732,323,-1.25,22.21,nan,921.31,-0.05,0.03,0.00,-0.25,3.50,8.68,23:52:18,2025/10/31,869.10,-22.28705917,-42.54226033,5,0,-59
2025-10-31 20:52:20,#100,126098,324,-1.22,22.22,nan,921.33,-0.05,0.03,0.00,-0.28,3.47,8.76,23:52:18,2025/10/31,869.10,-22.28705917,-42.54226033,5,0,-59
2025-10-31 20:52:21,#100,126460,325,-1.29,22.23,nan,921.34,-0.05,0.03,0.01,-0.17,3.44,8.77,23:52:19,2025/10/31,869.40,-22.28705967,-42.54225800,5,0,-59
2025-10-31 20:52:21,#100,126835,326,-1.35,22.23,nan,921.35,-0.05,0.03,0.00,-0.20,3.53,8.71,23:52:19,2025/10/31,869.40,-22.28705967,-42.54225800,5,0,-60
2025-10-31 20:52:22,#100,127204,327,-1.43,22.24,nan,921.35,-0.05,0.03,0.01,-0.17,3.49,8.74,23:52:19,2025/10/31,869.40,-22.28705967,-42.54225800,5,0,-60
2025-10-31 20:52:22,#100,127572,328,-1.24,22.25,nan,921.33,-0.05,0.03,0.00,-0.26,3.50,8.72,23:52:20,2025/10/31,869.70,-22.28706000,-42.54225600,5,0,-61
2025-10-31 20:52:23,#100,127942,329,-1.65,22.26,nan,921.38,-0.05,0.03,0.00,-0.20,3.44,8.74,23:52:20,2025/10/31,869.70,-22.28706000,-42.54225600,5,0,-59
2025-10-31 20:52:23,#100,128424,330,-1.48,22.27,nan,921.36,-0.05,0.03,0.00,-0.22,3.46,8.77,23:52:21,2025/10/31,870.00,-22.28705967,-42.54225450,5,0,-58
2025-10-31 20:52:24,#100,128793,331,-1.76,22.27,nan,921.39,-0.05,0.03,0.01,-0.27,3.51,8.71,23:52:21,2025/10/31,870.00,-22.28705967,-42.54225450,5,0,-58
2025-10-31 20:52:24,#100,129170,332,-1.72,22.28,nan,921.38,-0.05,0.03,0.00,-0.24,3.50,8.77,23:52:21,2025/10/31,870.00,-22.28705967,-42.54225450,5,0,-58
2025-10-31 20:52:25,#100,129536,333,-1.24,22.29,nan,921.33,-0.05,0.03,0.01,-0.16,3.44,8.76,23:52:22,2025/10/31,870.20,-22.28706033,-42.54225367,5,0,-59
2025-10-31 20:52:25,#100,129909,334,-1.37,22.30,nan,921.35,-0.05,0.03,0.01,-0.19,3.48,8.79,23:52:22,2025/10/31,870.20,-22.28706033,-42.54225367,5,0,-59
2025-10-31 20:52:26,#100,130282,335,-1.79,22.30,nan,921.39,-0.05,0.03,0.01,-0.17,3.41,8.79,23:52:23,2025/10/31,870.20,-22.28705983,-42.54225200,5,0,-58
2025-10-31 20:52:27,#100,130650,336,-1.41,22.31,nan,921.35,-0.05,0.03,0.00,-0.27,3.46,8.78,23:52:23,2025/10/31,870.40,-22.28705983,-42.54225200,5,0,-62
2025-10-31 20:52:27,#100,131025,337,-1.33,22.32,nan,921.34,-0.05,0.03,0.00,-0.19,3.49,8.68,23:52:23,2025/10/31,870.40,-22.28705983,-42.54225200,5,0,-60
2025-10-31 20:52:28,#100,131401,338,-1.29,22.32,nan,921.34,-0.05,0.03,0.00,-0.18,3.45,8.77,23:52:24,2025/10/31,870.70,-22.28706000,-42.54225000,5,0,-57
2025-10-31 20:52:28,#100,131776,339,-1.25,22.34,nan,921.33,-0.05,0.03,0.00,-0.25,3.47,8.69,23:52:24,2025/10/31,870.70,-22.28706000,-42.54225000,5,0,-75
2025-10-31 20:52:29,#100,132154,340,-0.99,22.35,nan,921.30,-0.05,0.03,0.00,-0.27,3.45,8.72,23:52:24,2025/10/31,870.70,-22.28706000,-42.54225000,5,0,-52
2025-10-31 20:52:29,#100,132532,341,-0.99,22.35,nan,921.30,-0.38,0.09,-0.07,-0.71,3.36,9.52,23:52:25,2025/10/31,871.60,-22.28706000,-42.54224600,5,0,-53
2025-10-31 20:52:30,#100,132917,342,-1.12,22.36,nan,921.32,1.65,-0.24,-0.18,-0.10,4.46,8.69,23:52:25,2025/10/31,871.60,-22.28706000,-42.54224600,5,0,-61
2025-10-31 20:52:30,#100,133296,343,-1.37,22.37,nan,921.35,0.32,-0.16,-0.15,-0.08,5.75,6.86,23:52:26,2025/10/31,871.60,-22.28705867,-42.54224333,5,0,-64
2025-10-31 20:52:31,#100,133682,344,-1.22,22.38,nan,921.33,0.27,0.08,0.05,-0.15,6.96,6.67,23:52:26,2025/10/31,871.70,-22.28705867,-42.54224333,5,0,-65
2025-10-31 20:52:31,#100,134060,345,-1.28,22.38,nan,921.34,-0.05,0.06,0.01,-0.10,6.88,6.57,23:52:26,2025/10/31,871.70,-22.28705867,-42.54224333,5,0,-66
2025-10-31 20:52:32,#100,134554,346,-1.14,22.38,nan,921.32,0.12,-0.00,-0.07,-0.25,6.97,6.60,23:52:27,2025/10/31,871.80,-22.28705733,-42.54224100,5,0,-70
2025-10-31 20:52:32,#100,135313,348,-1.44,22.41,nan,921.35,0.12,0.08,0.03,-0.32,6.89,6.31,23:52:28,2025/10/31,871.80,-22.28705900,-42.54223550,5,0,-65
2025-10-31 20:52:33,#100,136073,350,-1.35,22.42,nan,921.34,-0.41,-0.01,0.05,-0.40,6.65,6.72,23:52:28,2025/10/31,871.70,-22.28705900,-42.54223550,5,0,-66
2025-10-31 20:52:33,#100,136839,352,-1.36,22.43,nan,921.35,-0.14,0.04,0.03,-0.29,6.35,6.99,23:52:29,2025/10/31,871.90,-22.28705983,-42.54223567,5,0,-64
2025-10-31 20:52:34,#100,137228,353,-1.18,22.45,nan,921.32,-0.26,0.03,-0.00,-0.20,6.17,7.28,23:52:29,2025/10/31,871.90,-22.28705983,-42.54223567,5,0,-62
2025-10-31 20:52:34,#100,138018,355,-1.24,22.48,nan,921.33,0.22,0.03,0.05,-0.17,6.32,7.31,23:52:30,2025/10/31,871.90,-22.28706400,-42.54222550,5,0,-65
2025-10-31 20:52:35,#100,138379,356,-1.15,22.48,nan,921.32,0.38,0.02,0.03,-0.13,6.87,6.82,23:52:31,2025/10/31,872.70,-22.28705983,-42.54221850,5,0,-62
2025-10-31 20:52:35,#100,138746,357,-1.44,22.50,nan,921.35,-0.46,-0.03,-0.06,-0.00,7.67,5.92,23:52:31,2025/10/31,872.70,-22.28705983,-42.54221850,5,0,-63
2025-10-31 20:52:36,#100,139116,358,-1.31,22.50,nan,921.34,-0.35,-0.01,-0.04,0.11,6.64,6.51,23:52:31,2025/10/31,872.70,-22.28705983,-42.54221850,5,0,-63
2025-10-31 20:52:36,#100,139488,359,-1.69,22.52,nan,921.38,-0.03,-0.00,0.05,-0.01,7.03,6.51,23:52:32,2025/10/31,872.90,-22.28706033,-42.54221817,4,0,-62
2025-10-31 20:52:37,#100,139860,360,-1.38,22.53,nan,921.35,-0.17,-0.01,-0.01,-0.10,7.27,6.09,23:52:32,2025/10/31,872.90,-22.28706033,-42.54221817,4,0,-62
2025-10-31 20:52:37,#100,140232,361,-1.57,22.53,nan,921.37,-0.39,0.03,-0.03,-0.10,6.68,6.75,23:52:32,2025/10/31,872.90,-22.28706033,-42.54221817,4,0,-61
2025-10-31 20:52:38,#100,140717,362,-1.54,22.54,nan,921.36,-0.44,-0.11,0.02,-0.78,5.05,10.18,23:52:33,2025/10/31,873.30,-22.28706017,-42.54221850,4,0,-61
2025-10-31 20:52:38,#100,141089,363,-1.34,22.55,nan,921.34,0.01,0.07,-0.01,-0.57,4.37,9.13,23:52:33,2025/10/31,873.30,-22.28706017,-42.54221850,4,0,-55
2025-10-31 20:52:39,#100,141828,365,-1.61,22.57,nan,921.37,-0.12,0.03,0.00,-0.40,3.93,8.39,23:52:34,2025/10/31,873.50,-22.28706500,-42.54221750,4,0,-55
2025-10-31 20:52:39,#100,142200,366,-1.50,22.58,nan,921.36,0.00,0.03,0.01,-0.33,4.14,8.44,23:52:34,2025/10/31,873.50,-22.28706500,-42.54221750,4,0,-54
2025-10-31 20:52:40,#100,142946,368,-1.64,22.59,nan,921.38,-0.05,0.03,0.01,-0.44,4.02,8.55,23:52:35,2025/10/31,873.70,-22.28706583,-42.54221600,5,0,-61
2025-10-31 20:52:40,#100,143319,369,-1.65,22.61,nan,921.38,-0.05,0.03,0.00,-0.48,4.01,8.61,23:52:36,2025/10/31,873.70,-22.28705367,-42.54221083,5,0,-61
2025-10-31 20:52:41,#100,143692,370,-1.57,22.61,nan,921.37,-0.67,0.13,-0.09,0.85,5.66,6.95,23:52:36,2025/10/31,876.00,-22.28705367,-42.54221083,5,0,-62
2025-10-31 20:52:41,#100,144070,371,-1.21,22.62,nan,921.33,0.54,0.02,0.07,-0.68,4.27,8.15,23:52:36,2025/10/31,876.00,-22.28705367,-42.54221083,5,0,-57
2025-10-31 20:52:42,#100,144830,373,-1.56,22.64,nan,921.37,0.23,0.03,-0.12,1.01,2.08,9.15,23:52:37,2025/10/31,876.80,-22.28705317,-42.54220800,5,0,-67
2025-10-31 20:52:42,#100,145578,375,-1.51,22.66,nan,921.36,-0.10,-0.02,0.49,-1.42,3.06,10.28,23:52:38,2025/10/31,877.50,-22.28705183,-42.54220367,5,0,-63
2025-10-31 20:52:43,#100,146338,377,-1.53,22.67,nan,921.36,-0.12,0.00,0.10,-0.36,1.10,9.84,23:52:39,2025/10/31,877.50,-22.28704817,-42.54220733,5,0,-59
2025-10-31 20:52:43,#100,146854,378,-1.47,22.68,nan,921.36,0.09,-0.41,0.08,-0.73,0.24,8.40,23:52:39,2025/10/31,877.40,-22.28704817,-42.54220733,5,0,-55
2025-10-31 20:52:44,#100,147239,379,-1.61,22.69,nan,921.37,-1.92,-0.09,-0.16,-0.14,3.35,9.96,23:52:39,2025/10/31,877.40,-22.28704817,-42.54220733,5,0,-56
2025-10-31 20:52:44,#100,148001,381,-1.42,22.70,nan,921.35,-0.50,1.43,4.37,0.31,-2.59,8.10,23:52:40,2025/10/31,877.30,-22.28704883,-42.54221050,5,0,-60
2025-10-31 20:52:45,#100,148778,383,-1.44,22.72,nan,921.35,-0.64,0.15,-0.40,-1.47,0.20,6.73,23:52:41,2025/10/31,876.50,-22.28704533,-42.54222400,5,0,-59
2025-10-31 20:52:45,#100,149169,384,-1.41,22.72,nan,921.35,-0.53,0.76,0.28,-0.25,1.87,8.38,23:52:41,2025/10/31,876.50,-22.28704533,-42.54222400,5,0,-59
2025-10-31 20:52:46,#100,150345,387,-1.46,22.74,nan,921.36,-0.55,0.53,-0.40,-2.19,-6.54,5.18,23:52:43,2025/10/31,876.50,-22.28704233,-42.54223217,5,0,-59
2025-10-31 20:52:46,#100,150714,388,-1.43,22.74,nan,921.35,-0.03,-0.01,-0.48,-2.95,-3.69,6.84,23:52:43,2025/10/31,876.70,-22.28704233,-42.54223217,5,0,-65
2025-10-31 20:52:47,#100,151088,389,-1.23,22.75,nan,921.33,0.43,0.45,-0.25,-1.91,-4.35,8.37,23:52:43,2025/10/31,876.70,-22.28704233,-42.54223217,5,0,-68
2025-10-31 20:52:47,#100,151457,390,-1.65,22.76,nan,921.38,1.09,0.55,-0.48,0.96,1.75,9.67,23:52:44,2025/10/31,876.00,-22.28704067,-42.54226567,5,0,-63
2025-10-31 20:52:48,#100,151820,391,-1.53,22.78,nan,921.36,-0.24,0.33,0.28,1.12,-0.38,9.19,23:52:44,2025/10/31,876.00,-22.28704067,-42.54226567,5,0,-59
2025-10-31 20:52:48,#100,152191,392,-1.36,22.79,nan,921.34,0.33,-0.66,-0.61,-2.52,0.78,9.32,23:52:44,2025/10/31,876.00,-22.28704067,-42.54226567,5,0,-61
2025-10-31 20:52:49,#100,152559,393,-1.31,22.80,nan,921.34,-0.11,-0.17,-0.34,-1.47,-2.06,5.66,23:52:45,2025/10/31,873.30,-22.28705250,-42.54230750,5,0,-63
2025-10-31 20:52:49,#100,153056,394,-1.27,22.81,nan,921.33,-0.20,0.22,-0.24,-1.73,-1.08,9.39,23:52:45,2025/10/31,873.30,-22.28705250,-42.54230750,5,0,-59
2025-10-31 20:52:50,#100,153422,395,-1.43,22.82,nan,921.35,0.08,-0.11,0.15,-2.25,-0.82,9.91,23:52:46,2025/10/31,871.40,-22.28705500,-42.54232450,5,0,-59
2025-10-31 20:52:50,#100,153799,396,-1.44,22.83,nan,921.37,-0.56,-0.23,-0.30,-2.72,-3.22,7.79,23:52:46,2025/10/31,871.40,-22.28705500,-42.54232450,5,0,-55
2025-10-31 20:52:51,#100,154172,397,-1.56,22.84,nan,921.37,-0.38,-0.10,0.05,-1.84,-1.67,8.60,23:52:46,2025/10/31,871.40,-22.28705500,-42.54232450,5,0,-57
2025-10-31 20:52:51,#100,154543,398,-1.39,22.85,nan,921.35,-0.03,0.00,-0.09,-1.57,-1.89,8.98,23:52:47,2025/10/31,869.80,-22.28705550,-42.54233583,5,0,-53
2025-10-31 20:52:52,#100,154916,399,-1.53,22.86,nan,921.36,-0.17,0.10,0.14,-1.11,-3.21,7.43,23:52:47,2025/10/31,869.80,-22.28705550,-42.54233583,5,0,-62
2025-10-31 20:52:52,#100,155291,400,-1.26,22.87,nan,921.33,0.04,-0.17,0.10,-1.11,-0.65,8.12,23:52:48,2025/10/31,869.80,-22.28704150,-42.54227317,5,0,-59
2025-10-31 20:52:53,#100,155662,401,-1.37,22.88,nan,921.35,-0.60,0.62,0.61,0.38,-3.05,12.42,23:52:48,2025/10/31,870.60,-22.28704150,-42.54227317,5,0,-58
2025-10-31 20:52:53,#100,156419,403,-1.42,22.89,nan,921.35,-0.08,0.06,0.11,-1.81,-0.72,8.51,23:52:49,2025/10/31,871.00,-22.28703600,-42.54226717,5,0,-53
2025-10-31 20:52:54,#100,157173,405,-0.94,22.92,nan,921.30,0.11,0.27,0.10,-2.13,0.61,7.59,23:52:49,2025/10/31,871.00,-22.28703600,-42.54226717,5,0,-56
2025-10-31 20:52:54,#100,157926,407,-1.43,22.93,nan,921.35,0.06,0.06,0.10,-2.27,1.16,8.95,23:52:50,2025/10/31,871.40,-22.28703267,-42.54226933,5,0,-58
2025-10-31 20:52:55,#100,158305,408,-1.03,22.93,nan,921.31,-0.20,0.15,0.25,-2.33,2.09,8.51,23:52:51,2025/10/31,871.40,-22.28703200,-42.54226800,5,0,-72
2025-10-31 20:52:55,#100,158689,409,-1.16,22.93,nan,921.32,-0.06,-0.01,0.12,-1.82,2.69,8.12,23:52:51,2025/10/31,871.80,-22.28703200,-42.54226800,5,0,-65
2025-10-31 20:52:56,#100,159194,410,-1.29,22.93,nan,921.34,-0.12,0.03,-0.09,-1.98,1.68,9.11,23:52:51,2025/10/31,871.80,-22.28703200,-42.54226800,5,0,-73
2025-10-31 20:52:56,#100,159956,412,-0.64,22.95,nan,921.27,-0.10,-0.02,0.18,-2.24,1.73,8.95,23:52:52,2025/10/31,872.00,-22.28703033,-42.54226533,5,0,-61
2025-10-31 20:52:57,#100,160727,414,-1.35,22.96,nan,921.34,-0.58,-0.14,0.38,-2.88,2.52,9.30,23:52:53,2025/10/31,872.70,-22.28702850,-42.54225967,5,0,-57
2025-10-31 20:52:57,#100,161117,415,-1.23,22.96,nan,921.33,-0.29,0.93,-0.37,-1.79,-0.49,8.30,23:52:53,2025/10/31,872.70,-22.28702850,-42.54225967,5,0,-52
2025-10-31 20:52:58,#100,162279,418,-0.81,22.98,nan,921.28,-0.11,0.63,-0.10,-2.92,1.26,10.33,23:52:55,2025/10/31,873.60,-22.28703050,-42.54226133,0,0,-72
2025-10-31 20:52:58,#100,162651,419,-0.87,22.99,nan,921.29,-0.07,0.44,0.02,-3.03,0.22,6.79,23:52:55,2025/10/31,873.60,-22.28703050,-42.54226133,0,0,-53
2025-10-31 20:52:59,#100,163017,420,-0.71,23.00,nan,921.27,-0.36,-0.26,-0.68,-3.44,1.02,8.96,23:52:55,2025/10/31,873.60,-22.28703050,-42.54226133,0,0,-65
2025-10-31 20:52:59,#100,163381,421,-0.71,23.01,nan,921.27,-0.10,-0.10,-0.41,-4.98,0.02,8.39,23:52:56,2025/10/31,873.60,-22.28703050,-42.54226133,0,0,-66
2025-10-31 20:53:00,#100,163746,422,-0.70,23.02,nan,921.27,-0.48,-0.03,-0.18,-3.10,0.64,7.30,23:52:56,2025/10/31,873.60,-22.28703050,-42.54226133,0,0,-59
2025-10-31 20:53:00,#100,164113,423,-0.79,23.03,nan,921.28,0.71,0.25,-1.48,-4.28,0.57,8.59,23:52:56,2025/10/31,873.60,-22.28703050,-42.54226133,0,0,-60
2025-10-31 20:53:01,#100,164857,425,-0.77,23.05,nan,921.28,0.37,0.16,-0.66,-3.83,0.58,7.65,23:52:57,2025/10/31,873.60,-22.28703050,-42.54226133,0,0,-59
2025-10-31 20:53:01,#100,165344,426,-0.89,23.07,nan,921.29,0.52,-0.54,-1.20,-3.32,0.41,8.03,23:52:58,2025/10/31,873.60,-22.28703050,-42.54226133,0,0,-61
2025-10-31 20:53:02,#100,165714,427,-1.07,23.07,nan,921.31,0.32,-0.26,-1.16,-2.96,2.92,9.52,23:52:58,2025/10/31,873.60,-22.28703050,-42.54226133,0,0,-59
2025-10-31 20:53:02,#100,166087,428,-1.05,23.06,nan,921.31,0.12,0.47,-0.46,-4.15,1.12,9.29,23:52:58,2025/10/31,873.60,-22.28703050,-42.54226133,0,0,-54
2025-10-31 20:53:03,#100,166453,429,-0.93,23.08,nan,921.30,-0.35,-0.16,-0.08,-2.71,-0.25,7.10,23:52:59,2025/10/31,873.60,-22.28703050,-42.54226133,0,0,-62
2025-10-31 20:53:03,#100,166829,430,-1.26,23.08,nan,921.33,0.26,-0.28,-0.79,-3.68,1.13,9.00,23:52:59,2025/10/31,873.60,-22.28703050,-42.54226133,0,0,-58
2025-10-31 20:53:04,#100,167206,431,-0.98,23.09,nan,921.30,-0.16,0.10,-0.18,-4.63,0.62,8.91,23:52:59,2025/10/31,873.60,-22.28703050,-42.54226133,0,0,-53
2025-10-31 20:53:04,#100,167959,433,-0.94,23.12,nan,921.30,0.36,0.34,-0.28,-4.39,1.42,7.61,23:53:00,2025/10/31,873.60,-22.28703050,-42.54226133,0,0,-59
2025-10-31 20:53:05,#100,168716,435,-0.72,23.14,nan,921.27,-0.12,0.11,0.10,-4.94,1.15,7.09,23:53:01,2025/10/31,873.60,-22.28703050,-42.54226133,0,0,-55
2025-10-31 20:53:05,#100,169475,437,-0.95,23.14,nan,921.30,-0.80,-0.78,0.33,-3.85,1.35,7.98,23:53:02,2025/10/31,873.60,-22.28703050,-42.54226133,0,0,-53
2025-10-31 20:53:06,#100,170240,439,-0.92,23.16,nan,921.30,-0.02,-0.25,-0.30,-3.54,-0.43,8.97,23:53:03,2025/10/31,873.60,-22.28703050,-42.54226133,0,0,-60
2025-10-31 20:53:06,#100,170627,440,-1.19,23.17,nan,921.33,0.32,-0.59,-0.75,-4.36,0.51,9.18,23:53:03,2025/10/31,873.60,-22.28703050,-42.54226133,0,0,-64
2025-10-31 20:53:07,#100,171514,442,-0.93,23.19,nan,921.30,-0.17,0.14,0.08,-4.58,0.30,8.13,23:53:04,2025/10/31,873.60,-22.28703050,-42.54226133,0,0,-56
2025-10-31 20:53:07,#100,171897,443,-1.01,23.19,nan,921.31,0.48,0.08,-0.60,-5.11,0.66,7.35,23:53:04,2025/10/31,873.60,-22.28703050,-42.54226133,0,0,-46
2025-10-31 20:53:08,#100,172659,445,-0.88,23.21,nan,921.29,0.21,-0.33,-0.40,-3.57,0.35,7.82,23:53:05,2025/10/31,873.60,-22.28703050,-42.54226133,0,0,-48
2025-10-31 20:53:08,#100,173425,447,-1.06,23.22,nan,921.31,0.09,-0.13,-0.07,-4.06,1.47,8.21,23:53:06,2025/10/31,873.60,-22.28703050,-42.54226133,0,0,-49
2025-10-31 20:53:09,#100,173817,448,-0.90,23.23,nan,921.29,0.00,-0.13,-0.13,-3.95,1.74,7.88,23:53:06,2025/10/31,873.60,-22.28703050,-42.54226133,0,0,-48
2025-10-31 20:53:09,#100,174604,450,-0.76,23.23,nan,921.28,-0.09,-0.03,-0.01,-3.44,1.33,8.47,23:53:07,2025/10/31,873.60,-22.28703050,-42.54226133,0,0,-48
2025-10-31 20:53:10,#100,174972,451,-1.09,23.24,nan,921.32,-0.07,-0.02,0.06,-3.45,1.20,8.59,23:53:07,2025/10/31,873.60,-22.28703050,-42.54226133,0,0,-48
2025-10-31 20:53:10,#100,175335,452,-1.11,23.24,nan,921.32,-0.01,0.01,-0.05,-3.28,1.31,8.68,23:53:08,2025/10/31,873.60,-22.28703050,-42.54226133,0,0,-48
2025-10-31 20:53:11,#100,175706,453,-1.22,23.25,nan,921.33,-0.06,0.03,-0.02,-3.31,1.41,8.65,23:53:08,2025/10/31,873.60,-22.28703050,-42.54226133,0,0,-47
2025-10-31 20:53:11,#100,176076,454,-1.20,23.24,nan,921.33,0.01,0.08,-0.11,-3.50,1.45,8.22,23:53:08,2025/10/31,873.60,-22.28703050,-42.54226133,0,0,-48
2025-10-31 20:53:12,#100,176444,455,-1.30,23.25,nan,921.34,-0.01,0.03,-0.09,-3.52,1.31,8.45,23:53:09,2025/10/31,873.60,-22.28703050,-42.54226133,0,0,-49
2025-10-31 20:53:12,#100,176814,456,-1.06,23.25,nan,921.31,0.12,-0.05,-0.08,-3.56,1.49,8.61,23:53:09,2025/10/31,873.60,-22.28703050,-42.54226133,0,0,-49
2025-10-31 20:53:13,#100,177180,457,-1.26,23.27,nan,921.33,-0.17,0.01,0.14,-3.49,1.30,8.44,23:53:09,2025/10/31,873.60,-22.28703050,-42.54226133,0,0,-47
2025-10-31 20:53:13,#100,177662,458,-1.13,23.28,nan,921.32,-0.06,0.03,-0.23,-3.61,2.15,8.54,23:53:10,2025/10/31,873.60,-22.28703050,-42.54226133,0,0,-51
2025-10-31 20:53:14,#100,178034,459,-1.08,23.28,nan,921.31,0.37,0.22,-0.51,-4.19,1.99,8.23,23:53:10,2025/10/31,873.60,-22.28703050,-42.54226133,0,0,-62
2025-10-31 20:53:14,#100,178776,461,-1.36,23.32,nan,921.34,0.43,-0.11,-0.48,-4.80,0.27,8.51,23:53:11,2025/10/31,873.60,-22.28703050,-42.54226133,0,0,-57
2025-10-31 20:53:15,#100,179146,462,-1.48,23.32,nan,921.36,-0.23,0.11,-1.13,-4.76,0.55,7.43,23:53:11,2025/10/31,873.60,-22.28703050,-42.54226133,0,0,-60
2025-10-31 20:53:15,#100,179517,463,-1.18,23.32,nan,921.33,-0.13,0.33,0.08,-4.34,-0.68,9.65,23:53:12,2025/10/31,873.60,-22.28703050,-42.54226133,0,0,-61
2025-10-31 20:53:16,#100,179895,464,-1.33,23.32,nan,921.34,0.09,0.21,-0.15,-5.31,0.09,7.27,23:53:12,2025/10/31,873.60,-22.28703050,-42.54226133,0,0,-59
2025-10-31 20:53:16,#100,180270,465,-1.01,23.33,nan,921.31,-0.23,-0.00,0.41,-4.12,-0.49,6.93,23:53:13,2025/10/31,873.60,-22.28703050,-42.54226133,0,0,-63
2025-10-31 20:53:17,#100,180649,466,-0.91,23.35,nan,921.30,-0.62,0.14,0.78,-4.51,1.28,8.90,23:53:13,2025/10/31,873.60,-22.28703050,-42.54226133,0,0,-65
2025-10-31 20:53:17,#100,181031,467,-0.86,23.35,nan,921.29,0.15,-0.41,-0.25,-4.25,1.35,8.59,23:53:13,2025/10/31,873.60,-22.28703050,-42.54226133,0,0,-54
2025-10-31 20:53:18,#100,181404,468,-0.98,23.36,nan,921.30,0.45,0.27,-0.60,-4.60,2.61,7.00,23:53:14,2025/10/31,873.60,-22.28703050,-42.54226133,0,0,-55
2025-10-31 20:53:18,#100,181782,469,-1.13,23.38,nan,921.32,0.36,-0.01,-0.45,-4.17,2.04,7.84,23:53:14,2025/10/31,873.60,-22.28703050,-42.54226133,0,0,-56
2025-10-31 20:53:19,#100,182540,471,-0.91,23.39,nan,921.30,0.52,0.05,-1.21,-5.39,2.84,7.35,23:53:15,2025/10/31,873.60,-22.28703050,-42.54226133,0,0,-61
2025-10-31 20:53:19,#100,183306,473,-1.18,23.40,nan,921.33,0.93,-0.13,-1.31,-4.31,-0.07,8.27,23:53:16,2025/10/31,873.60,-22.28703050,-42.54226133,0,0,-57
2025-10-31 20:53:20,#100,183805,474,-1.04,23.42,nan,921.31,0.80,-0.60,-0.91,-4.79,-0.01,8.49,23:53:16,2025/10/31,873.60,-22.28703050,-42.54226133,0,0,-53
2025-10-31 20:53:20,#100,184568,476,-1.22,23.45,nan,921.33,-0.43,0.58,0.13,-2.83,-0.09,7.61,23:53:17,2025/10/31,873.60,-22.28703050,-42.54226133,0,0,-61
2025-10-31 20:53:21,#100,184959,477,-1.04,23.46,nan,921.31,0.12,0.23,-0.10,-4.94,-0.11,8.14,23:53:17,2025/10/31,873.60,-22.28703050,-42.54226133,0,0,-56
2025-10-31 20:53:21,#100,185340,478,-1.15,23.47,nan,921.32,0.56,-0.06,-0.49,-5.42,-1.03,7.81,23:53:18,2025/10/31,873.60,-22.28703050,-42.54226133,0,0,-53
2025-10-31 20:53:22,#100,185723,479,-1.01,23.47,nan,921.31,0.68,-0.26,-0.92,-4.60,0.31,7.90,23:53:18,2025/10/31,873.60,-22.28703050,-42.54226133,0,0,-62
2025-10-31 20:53:22,#100,186144,480,-1.39,23.48,nan,921.35,-0.04,0.11,-0.45,-4.98,0.34,8.28,23:53:18,2025/10/31,873.60,-22.28703050,-42.54226133,0,0,-53
2025-10-31 20:53:23,#100,186873,482,-1.27,23.49,nan,921.33,-0.10,0.13,-0.15,-4.87,0.30,7.70,23:53:19,2025/10/31,873.60,-22.28703050,-42.54226133,0,0,-54
2025-10-31 20:53:23,#100,187239,483,-1.22,23.50,nan,921.33,-0.13,0.15,0.05,-4.76,0.31,7.90,23:53:20,2025/10/31,873.60,-22.28703050,-42.54226133,0,0,-54
2025-10-31 20:53:24,#100,187609,484,-1.29,23.52,nan,921.34,0.11,0.05,-0.28,-4.98,-0.58,7.75,23:53:20,2025/10/31,873.60,-22.28703050,-42.54226133,0,0,-54
2025-10-31 20:53:24,#100,187981,485,-1.32,23.53,nan,921.34,-0.13,-0.00,0.18,-5.24,-0.60,7.93,23:53:20,2025/10/31,873.60,-22.28703050,-42.54226133,0,0,-58
2025-10-31 20:53:25,#100,188348,486,-0.96,23.53,nan,921.30,-0.27,-0.10,0.06,-5.02,-0.51,7.86,23:53:21,2025/10/31,873.60,-22.28703050,-42.54226133,0,0,-58
2025-10-31 20:53:25,#100,188716,487,-1.19,23.54,nan,921.33,-0.07,0.06,-0.02,-4.92,-0.63,7.68,23:53:21,2025/10/31,873.60,-22.28703050,-42.54226133,0,0,-57
2025-10-31 20:53:26,#100,189087,488,-1.15,23.55,nan,921.32,-0.05,0.05,-0.03,-5.04,-0.50,7.52,23:53:21,2025/10/31,873.60,-22.28703050,-42.54226133,0,0,-57
2025-10-31 20:53:26,#100,189458,489,-1.32,23.56,nan,921.34,0.07,0.03,-0.09,-5.08,-0.22,7.46,23:53:22,2025/10/31,873.60,-22.28703050,-42.54226133,0,0,-57
2025-10-31 20:53:27,#100,189953,490,-1.36,23.57,nan,921.34,-0.07,0.13,0.53,-4.68,-1.65,8.08,23:53:22,2025/10/31,873.60,-22.28703050,-42.54226133,0,0,-53
2025-10-31 20:53:27,#100,190319,491,-1.20,23.58,nan,921.33,-0.80,-0.04,1.01,-4.54,0.29,8.21,23:53:23,2025/10/31,873.60,-22.28703050,-42.54226133,0,0,-55
2025-10-31 20:53:28,#100,190689,492,-0.93,23.58,nan,921.30,-0.53,0.34,0.29,-3.91,2.10,8.91,23:53:23,2025/10/31,873.60,-22.28703050,-42.54226133,0,0,-58
2025-10-31 20:53:28,#100,191063,493,-0.79,23.60,nan,921.28,0.62,-0.29,-0.66,-4.14,1.49,9.00,23:53:23,2025/10/31,873.60,-22.28703050,-42.54226133,0,0,-56
2025-10-31 20:53:29,#100,191814,495,-1.11,23.62,nan,921.32,0.24,0.06,-0.54,-3.92,-0.52,8.86,23:53:24,2025/10/31,873.60,-22.28703050,-42.54226133,0,0,-54
2025-10-31 20:53:29,#100,192188,496,-1.02,23.62,nan,921.31,-0.42,-0.00,-0.34,-3.74,0.72,7.98,23:53:24,2025/10/31,873.60,-22.28703050,-42.54226133,0,0,-51
2025-10-31 20:53:30,#100,192564,497,-0.96,23.63,nan,921.30,-0.63,0.06,0.84,-3.54,0.58,9.05,23:53:25,2025/10/31,873.60,-22.28703050,-42.54226133,0,0,-54
2025-10-31 20:53:30,#100,192944,498,-1.27,23.64,nan,921.34,-0.03,0.12,-0.19,-4.36,0.76,8.24,23:53:25,2025/10/31,873.60,-22.28703050,-42.54226133,0,0,-58
2025-10-31 20:53:31,#100,193320,499,-1.35,23.66,nan,921.34,0.18,-0.30,-0.78,-4.26,0.15,8.26,23:53:26,2025/10/31,873.60,-22.28703050,-42.54226133,0,0,-66
2025-10-31 20:53:31,#100,193702,500,-1.43,23.66,nan,921.35,0.39,-0.26,-0.71,-3.71,0.71,9.44,23:53:26,2025/10/31,873.60,-22.28703050,-42.54226133,0,0,-67
2025-10-31 20:53:32,#100,194086,501,-1.21,23.67,nan,921.33,-0.19,0.33,-1.45,-3.13,1.14,8.10,23:53:26,2025/10/31,873.60,-22.28703050,-42.54226133,0,0,-60
2025-10-31 20:53:32,#100,194463,502,-1.29,23.68,nan,921.34,0.00,0.57,1.16,-5.07,-1.84,8.74,23:53:27,2025/10/31,873.60,-22.28703050,-42.54226133,0,0,-67
2025-10-31 20:53:33,#100,194842,503,-1.01,23.68,nan,921.31,-0.79,0.11,0.46,-4.55,-0.01,7.26,23:53:27,2025/10/31,873.60,-22.28703050,-42.54226133,0,0,-58
2025-10-31 20:53:33,#100,195225,504,-1.29,23.68,nan,921.34,1.88,0.34,-0.71,-4.88,0.86,8.95,23:53:28,2025/10/31,873.60,-22.28703050,-42.54226133,0,0,-63
2025-10-31 20:53:34,#100,195605,505,-1.58,23.70,nan,921.37,0.54,-0.02,-1.47,-5.21,0.00,7.43,23:53:28,2025/10/31,873.60,-22.28703050,-42.54226133,0,0,-58
2025-10-31 20:53:34,#100,196111,506,-1.31,23.70,nan,921.34,1.39,0.53,-1.19,-3.25,-1.25,6.00,23:53:28,2025/10/31,873.60,-22.28703050,-42.54226133,0,0,-58
2025-10-31 20:53:35,#100,196494,507,-1.11,23.70,nan,921.32,1.50,-0.44,-2.32,-4.35,-0.44,9.35,23:53:29,2025/10/31,873.60,-22.28703050,-42.54226133,0,0,-63
2025-10-31 20:53:35,#100,196876,508,-1.53,23.70,nan,921.36,0.37,0.27,-0.09,-6.23,-0.75,7.05,23:53:29,2025/10/31,873.60,-22.28703050,-42.54226133,0,0,-60
2025-10-31 20:53:36,#100,197258,509,-1.41,23.71,nan,921.37,-0.63,-0.09,-0.22,-5.27,0.30,7.15,23:53:30,2025/10/31,873.60,-22.28703050,-42.54226133,0,0,-55
2025-10-31 20:53:36,#100,197641,510,-1.44,23.72,nan,921.35,-0.09,-0.29,-0.26,-4.97,-1.17,7.82,23:53:30,2025/10/31,873.60,-22.28703050,-42.54226133,0,0,-61
2025-10-31 20:53:37,#100,198831,513,-1.56,23.76,nan,921.37,0.52,0.32,-0.63,-4.45,-1.54,7.41,23:53:31,2025/10/31,873.60,-22.28703050,-42.54226133,0,0,-61
2025-10-31 20:53:37,#100,199195,514,-1.35,23.77,nan,921.34,0.25,-0.64,-1.32,-4.37,-0.93,10.11,23:53:31,2025/10/31,873.60,-22.28703050,-42.54226133,0,0,-59
2025-10-31 20:53:38,#100,199565,515,-1.11,23.74,nan,921.32,0.08,0.29,-0.77,-5.78,-0.50,7.23,23:53:32,2025/10/31,873.60,-22.28703050,-42.54226133,0,0,-65
2025-10-31 20:53:38,#100,199934,516,-1.13,23.73,nan,921.32,0.07,-0.44,-0.22,-6.34,-2.55,8.37,23:53:32,2025/10/31,873.60,-22.28703050,-42.54226133,0,0,-60
2025-10-31 20:53:39,#100,200301,517,-1.17,23.74,nan,921.32,0.79,0.08,-0.72,-5.86,-1.39,5.82,23:53:33,2025/10/31,873.60,-22.28703050,-42.54226133,0,0,-65
2025-10-31 20:53:39,#100,200678,518,-1.25,23.74,nan,921.33,0.47,0.02,-0.87,-6.34,-0.40,7.18,23:53:33,2025/10/31,873.60,-22.28703050,-42.54226133,0,0,-72
2025-10-31 20:53:40,#100,201045,519,-1.16,23.75,nan,921.32,0.15,0.15,0.08,-5.46,-0.98,7.32,23:53:33,2025/10/31,873.60,-22.28703050,-42.54226133,0,0,-64
2025-10-31 20:53:40,#100,201413,520,-1.37,23.77,nan,921.35,0.06,0.16,0.05,-5.24,-1.95,8.09,23:53:34,2025/10/31,873.60,-22.28703050,-42.54226133,0,0,-68
2025-10-31 20:53:41,#100,201783,521,-1.19,23.76,nan,921.33,-0.44,0.04,-0.19,-6.11,-1.30,6.38,23:53:34,2025/10/31,873.60,-22.28703050,-42.54226133,0,0,-60
2025-10-31 20:53:41,#100,202266,522,-1.25,23.73,nan,921.33,0.30,-0.01,-0.06,-5.88,-0.97,6.93,23:53:35,2025/10/31,873.60,-22.28703050,-42.54226133,0,0,-64
2025-10-31 20:53:42,#100,203011,524,-1.33,23.73,nan,921.34,0.06,-0.00,-0.19,-5.84,-1.42,6.30,23:53:35,2025/10/31,873.60,-22.28703050,-42.54226133,0,0,-66
2025-10-31 20:53:42,#100,203381,525,-1.28,23.74,nan,921.34,0.10,0.02,-0.18,-4.86,-1.14,7.14,23:53:36,2025/10/31,873.60,-22.28703050,-42.54226133,0,0,-64
2025-10-31 20:53:43,#100,203757,526,-1.23,23.75,nan,921.33,0.02,0.01,-0.05,-5.29,-0.02,7.29,23:53:36,2025/10/31,873.60,-22.28703050,-42.54226133,0,0,-66
2025-10-31 20:53:43,#100,204131,527,-1.71,23.76,nan,921.38,-0.02,-0.09,0.36,-5.09,-2.13,8.88,23:53:36,2025/10/31,873.60,-22.28703050,-42.54226133,0,0,-79
2025-10-31 20:53:44,#100,204504,528,-1.37,23.76,nan,921.35,0.18,0.09,-0.34,-4.95,-0.77,8.03,23:53:37,2025/10/31,873.60,-22.28703050,-42.54226133,0,0,-70
2025-10-31 20:53:44,#100,204888,529,-1.43,23.77,nan,921.35,0.12,-0.13,-0.45,-3.89,0.32,7.46,23:53:37,2025/10/31,873.60,-22.28703050,-42.54226133,0,0,-70
2025-10-31 20:53:45,#100,205271,530,-1.85,23.77,nan,921.40,-0.38,-0.00,0.13,-5.84,-0.83,9.10,23:53:38,2025/10/31,873.60,-22.28703050,-42.54226133,0,0,-70
2025-10-31 20:53:45,#100,205649,531,-1.51,23.78,nan,921.36,0.40,0.08,0.32,-4.67,0.28,6.86,23:53:38,2025/10/31,873.60,-22.28703050,-42.54226133,0,0,-67
2025-10-31 20:53:46,#100,206026,532,-1.53,23.79,nan,921.36,-0.22,0.23,-0.34,-3.22,0.22,7.88,23:53:38,2025/10/31,873.60,-22.28703050,-42.54226133,0,0,-67
2025-10-31 20:53:46,#100,206401,533,-1.92,23.79,nan,921.41,-0.64,0.08,0.05,-5.72,-0.48,8.81,23:53:39,2025/10/31,873.60,-22.28703050,-42.54226133,0,0,-74
2025-10-31 20:53:47,#100,206789,534,-1.26,23.80,nan,921.33,-0.33,-0.19,0.09,-5.27,0.17,9.08,23:53:39,2025/10/31,873.60,-22.28703050,-42.54226133,0,0,-73
2025-10-31 20:53:47,#100,207172,535,-1.48,23.80,nan,921.36,0.35,0.96,0.17,-5.67,-0.17,4.59,23:53:39,2025/10/31,873.60,-22.28703050,-42.54226133,0,0,-72
2025-10-31 20:53:48,#100,207939,537,-1.31,23.81,nan,921.34,0.51,0.02,-0.07,-5.14,-0.97,10.27,23:53:40,2025/10/31,873.60,-22.28703050,-42.54226133,0,0,-75
2025-10-31 20:53:48,#100,208442,538,-1.59,23.82,nan,921.37,0.04,0.39,0.16,-4.91,-1.65,7.91,23:53:41,2025/10/31,873.60,-22.28703050,-42.54226133,0,0,-73
2025-10-31 20:53:49,#100,209204,540,-1.44,23.84,nan,921.35,-0.46,-0.18,-0.24,-3.47,-0.37,7.42,23:53:41,2025/10/31,873.60,-22.28703050,-42.54226133,0,0,-77
2025-10-31 20:53:49,#100,209988,542,-1.47,23.85,nan,921.36,-0.19,0.05,-0.13,-3.43,0.15,10.63,23:53:42,2025/10/31,873.60,-22.28703050,-42.54226133,0,0,-76
2025-10-31 20:53:50,#100,210767,544,-1.54,23.87,nan,921.36,-0.55,-0.17,0.25,-3.06,-0.31,6.91,23:53:43,2025/10/31,873.60,-22.28703050,-42.54226133,0,0,-77
2025-10-31 20:53:50,#100,211132,545,-1.33,23.86,nan,921.34,-0.17,-0.45,-0.25,-4.48,0.81,8.79,23:53:43,2025/10/31,873.60,-22.28703050,-42.54226133,0,0,-74
2025-10-31 20:53:51,#100,211874,547,-1.29,23.89,nan,921.34,-0.13,0.48,0.31,-4.13,0.20,5.65,23:53:44,2025/10/31,873.60,-22.28703050,-42.54226133,0,0,-87
2025-10-31 20:53:51,#100,212240,548,-1.36,23.88,nan,921.34,-0.81,-0.66,-0.66,-4.57,0.29,8.02,23:53:45,2025/10/31,873.60,-22.28703050,-42.54226133,0,0,-73
2025-10-31 20:53:52,#100,212608,549,-1.44,23.90,nan,921.35,-0.13,0.27,0.21,-5.48,-1.02,9.22,23:53:45,2025/10/31,873.60,-22.28703050,-42.54226133,0,0,-83
2025-10-31 20:53:52,#100,212975,550,-1.18,23.90,nan,921.32,0.27,0.51,0.07,-4.33,-0.45,7.71,23:53:45,2025/10/31,873.60,-22.28703050,-42.54226133,0,0,-76
2025-10-31 20:53:53,#100,213343,551,-1.67,23.91,nan,921.38,-0.51,-0.63,-0.72,-3.88,0.69,7.91,23:53:46,2025/10/31,873.60,-22.28703050,-42.54226133,0,0,-71
2025-10-31 20:53:53,#100,213715,552,-1.52,23.92,nan,921.36,-0.42,-0.46,0.10,-5.42,-1.51,10.11,23:53:46,2025/10/31,873.60,-22.28703050,-42.54226133,0,0,-75
2025-10-31 20:53:54,#100,214097,553,-1.48,23.92,nan,921.36,-0.06,-0.08,-0.22,-3.96,-0.40,9.05,23:53:46,2025/10/31,873.60,-22.28703050,-42.54226133,0,0,-80
2025-10-31 20:53:54,#100,214967,555,-1.56,23.94,nan,921.37,0.17,0.77,0.50,-4.21,-0.40,6.05,23:53:47,2025/10/31,873.60,-22.28703050,-42.54226133,0,0,-82
2025-10-31 20:53:55,#100,215337,556,-1.64,23.94,nan,921.38,0.20,-0.62,0.14,-4.09,-0.09,7.47,23:53:48,2025/10/31,873.60,-22.28703050,-42.54226133,0,0,-84
2025-10-31 20:53:55,#100,215708,557,-1.47,23.95,nan,921.36,0.17,0.61,0.26,-5.88,-0.66,9.39,23:53:48,2025/10/31,873.60,-22.28703050,-42.54226133,0,0,-81
2025-10-31 20:53:56,#100,216079,558,-1.63,23.97,nan,921.37,0.14,0.28,-0.02,-4.37,-0.36,7.64,23:53:48,2025/10/31,873.60,-22.28703050,-42.54226133,0,0,-80
2025-10-31 20:53:56,#100,216455,559,-1.53,23.97,nan,921.36,0.21,0.56,0.09,-4.03,-0.10,5.96,23:53:49,2025/10/31,873.60,-22.28703050,-42.54226133,0,0,-74
2025-10-31 20:53:57,#100,216828,560,-1.58,23.98,nan,921.37,-0.41,-0.16,0.05,-5.71,-0.96,9.09,23:53:49,2025/10/31,873.60,-22.28703050,-42.54226133,0,0,-75
2025-10-31 20:53:57,#100,217204,561,-1.40,23.98,nan,921.35,0.04,0.44,-0.18,-4.74,-0.22,8.14,23:53:49,2025/10/31,873.60,-22.28703050,-42.54226133,0,0,-75
2025-10-31 20:53:58,#100,217579,562,-1.68,23.99,nan,921.38,0.42,0.25,-0.36,-5.84,-0.57,6.30,23:53:50,2025/10/31,873.60,-22.28703050,-42.54226133,0,0,-80
2025-10-31 20:53:58,#100,217958,563,-1.44,23.99,nan,921.35,-0.41,0.15,0.65,-4.91,-1.10,7.91,23:53:50,2025/10/31,873.60,-22.28703050,-42.54226133,0,0,-78
2025-10-31 20:53:59,#100,218336,564,-1.69,24.00,nan,921.38,0.56,-0.10,-0.22,-5.19,0.20,10.25,23:53:51,2025/10/31,873.60,-22.28703050,-42.54226133,0,0,-78
2025-10-31 20:53:59,#100,218720,565,-1.33,24.00,nan,921.34,-0.06,0.49,-0.15,-6.54,-0.90,7.47,23:53:51,2025/10/31,873.60,-22.28703050,-42.54226133,0,0,-78
2025-10-31 20:54:00,#100,219099,566,-1.47,24.01,nan,921.36,-0.07,0.64,-0.34,-4.97,-1.41,4.86,23:53:51,2025/10/31,873.60,-22.28703050,-42.54226133,0,0,-85
2025-10-31 20:54:00,#100,219477,567,-1.39,24.01,nan,921.35,0.51,-1.10,0.08,-7.14,0.47,7.65,23:53:52,2025/10/31,873.60,-22.28703050,-42.54226133,0,0,-80
2025-10-31 20:54:01,#100,220246,569,-1.49,24.02,nan,921.36,-0.94,0.20,1.07,-4.35,-0.15,5.39,23:53:53,2025/10/31,873.60,-22.28703050,-42.54226133,0,0,-94
2025-10-31 20:54:01,#100,221137,571,-1.43,24.04,nan,921.35,-0.91,-0.40,0.23,-6.67,-1.57,9.65,23:53:53,2025/10/31,873.60,-22.28703050,-42.54226133,0,0,-85
2025-10-31 20:54:02,#100,221518,572,-1.64,24.05,nan,921.37,-1.22,-0.56,0.29,-5.42,-0.52,7.37,23:53:54,2025/10/31,873.60,-22.28703050,-42.54226133,0,0,-76
2025-10-31 20:54:02,#100,222285,574,-1.38,24.05,nan,921.35,-0.40,-0.15,0.66,-5.64,-0.52,8.11,23:53:55,2025/10/31,873.60,-22.28703050,-42.54226133,0,0,-78
2025-10-31 20:54:03,#100,223081,576,-1.68,24.07,nan,921.39,0.23,0.58,-0.50,-7.10,0.03,6.91,23:53:55,2025/10/31,873.60,-22.28703050,-42.54226133,0,0,-77
2025-10-31 20:54:03,#100,223443,577,-1.54,24.07,nan,921.36,-0.29,0.31,0.63,-4.45,-0.06,4.87,23:53:56,2025/10/31,873.60,-22.28703050,-42.54226133,0,0,-77
2025-10-31 20:54:04,#100,223809,578,-1.51,24.06,nan,921.36,-0.84,-0.66,-0.24,-4.36,1.29,9.54,23:53:56,2025/10/31,873.60,-22.28703050,-42.54226133,0,0,-82
2025-10-31 20:54:04,#100,224177,579,-1.65,24.07,nan,921.38,-0.15,0.53,0.23,-6.77,0.28,8.39,23:53:56,2025/10/31,873.60,-22.28703050,-42.54226133,0,0,-82
2025-10-31 20:54:05,#100,224543,580,-1.48,24.09,nan,921.36,0.00,0.46,0.18,-4.99,1.51,5.63,23:53:57,2025/10/31,873.60,-22.28703050,-42.54226133,0,0,-83
2025-10-31 20:54:05,#100,224907,581,-1.66,24.08,nan,921.38,0.18,-0.66,-0.04,-4.88,2.11,8.49,23:53:57,2025/10/31,873.60,-22.28703050,-42.54226133,0,0,-81
2025-10-31 20:54:06,#100,225277,582,-1.66,24.09,nan,921.38,0.33,0.57,-0.20,-8.54,0.46,6.16,23:53:58,2025/10/31,873.60,-22.28703050,-42.54226133,0,0,-80
2025-10-31 20:54:06,#100,225646,583,-1.51,24.09,nan,921.36,-0.13,0.14,0.17,-6.62,1.65,6.73,23:53:58,2025/10/31,873.60,-22.28703050,-42.54226133,0,0,-77
2025-10-31 20:54:07,#100,226019,584,-1.70,24.10,nan,921.38,0.10,0.32,-0.32,-4.59,1.06,4.97,23:53:58,2025/10/31,873.60,-22.28703050,-42.54226133,0,0,-86
2025-10-31 20:54:08,#100,226389,585,-1.34,24.10,nan,921.34,-0.36,-0.14,0.57,-7.34,-1.28,6.74,23:53:59,2025/10/31,873.60,-22.28703050,-42.54226133,0,0,-88
2025-10-31 20:54:08,#100,226879,586,-1.40,24.10,nan,921.35,0.20,-0.71,-0.67,-6.32,3.01,8.04,23:53:59,2025/10/31,873.60,-22.28703050,-42.54226133,0,0,-85
2025-10-31 20:54:09,#100,227248,587,-1.64,24.11,nan,921.38,-0.27,-0.01,-0.31,-7.55,-0.74,6.91,23:54:00,2025/10/31,873.60,-22.28703050,-42.54226133,0,0,-81
2025-10-31 20:54:09,#100,227630,588,-1.58,24.12,nan,921.37,-0.73,0.26,0.65,-4.43,-0.05,4.43,23:54:00,2025/10/31,873.60,-22.28703050,-42.54226133,0,0,-84
2025-10-31 20:54:10,#100,228003,589,-1.48,24.11,nan,921.36,-0.01,-0.60,-0.88,-6.06,1.01,7.66,23:54:00,2025/10/31,873.60,-22.28703050,-42.54226133,0,0,-89
2025-10-31 20:54:10,#100,228375,590,-1.72,24.13,nan,921.38,-0.36,0.10,-0.42,-7.63,-1.38,6.60,23:54:01,2025/10/31,873.60,-22.28703050,-42.54226133,0,0,-81
2025-10-31 20:54:11,#100,228752,591,-1.39,24.13,nan,921.35,0.31,0.78,0.73,-5.10,-0.25,6.87,23:54:01,2025/10/31,873.60,-22.28703050,-42.54226133,0,0,-95
2025-10-31 20:54:11,#100,229133,592,-1.40,24.13,nan,921.35,-0.15,-0.68,-0.02,-5.64,1.46,7.45,23:54:01,2025/10/31,873.60,-22.28703050,-42.54226133,0,0,-84
2025-10-31 20:54:12,#100,229509,593,-1.48,24.13,nan,921.36,-0.29,-0.65,-0.14,-8.26,1.14,9.60,23:54:02,2025/10/31,873.60,-22.28703050,-42.54226133,0,0,-84
2025-10-31 20:54:12,#100,229893,594,-1.34,24.14,nan,921.34,-0.30,0.30,-0.27,-7.29,0.11,6.53,23:54:02,2025/10/31,873.60,-22.28703050,-42.54226133,0,0,-79
2025-10-31 20:54:13,#100,230268,595,-1.66,24.14,nan,921.38,0.31,0.25,-0.02,-5.10,-0.70,3.59,23:54:03,2025/10/31,873.60,-22.28703050,-42.54226133,0,0,-92
2025-10-31 20:54:13,#100,230648,596,-1.29,24.12,nan,921.34,-0.46,-0.62,-0.01,-7.89,-0.20,7.66,23:54:03,2025/10/31,873.60,-22.28703050,-42.54226133,0,0,-86
2025-10-31 20:54:14,#100,231035,597,-1.57,24.15,nan,921.37,0.04,-0.68,-0.25,-8.19,0.41,7.96,23:54:03,2025/10/31,873.60,-22.28703050,-42.54226133,0,0,-92
2025-10-31 20:54:14,#100,231414,598,-1.71,24.15,nan,921.38,0.07,0.19,0.19,-7.33,-0.35,5.11,23:54:04,2025/10/31,873.60,-22.28703050,-42.54226133,0,0,-85
2025-10-31 20:54:15,#100,232187,600,-1.61,24.15,nan,921.37,-0.12,-0.09,-0.15,-5.55,0.61,10.30,23:54:04,2025/10/31,873.60,-22.28703050,-42.54226133,0,0,-81
2025-10-31 20:54:15,#100,232575,601,-1.85,24.16,nan,921.40,0.69,0.70,0.18,-7.78,-1.43,7.19,23:54:05,2025/10/31,873.60,-22.28703050,-42.54226133,0,0,-83
2025-10-31 20:54:16,#100,233084,602,-1.41,24.16,nan,921.35,0.03,0.26,-0.09,-5.57,0.01,8.31,23:54:05,2025/10/31,873.60,-22.28703050,-42.54226133,0,0,-93
2025-10-31 20:54:16,#100,234243,605,-1.66,24.18,nan,921.37,0.42,-0.13,-0.19,-6.91,0.06,8.50,23:54:07,2025/10/31,873.60,-22.28703050,-42.54226133,0,0,-95
2025-10-31 20:54:17,#100,235032,607,-1.73,24.19,nan,921.38,-0.77,0.60,1.70,-3.72,-0.78,4.01,23:54:07,2025/10/31,873.60,-22.28703050,-42.54226133,0,0,-100
2025-10-31 20:54:17,#100,235765,609,-1.78,24.20,nan,921.39,-0.56,0.15,0.40,-6.08,-0.46,7.48,23:54:08,2025/10/31,873.60,-22.28703050,-42.54226133,0,0,-92
2025-10-31 20:54:18,#100,236132,610,-1.48,24.21,nan,921.36,-0.27,0.41,0.74,-4.38,0.03,7.99,23:54:08,2025/10/31,873.60,-22.28703050,-42.54226133,0,0,-85
2025-10-31 20:54:18,#100,236498,611,-1.74,24.20,nan,921.39,0.37,-0.49,-0.93,-5.39,2.84,9.41,23:54:09,2025/10/31,873.60,-22.28703050,-42.54226133,0,0,-91
2025-10-31 20:54:19,#100,236868,612,-1.75,24.21,nan,921.39,-0.29,0.24,-0.20,-6.20,-0.47,7.35,23:54:09,2025/10/31,873.60,-22.28703050,-42.54226133,0,0,-90
2025-10-31 20:54:19,#100,237232,613,-1.46,24.22,nan,921.36,-0.77,-0.02,0.28,-4.42,0.16,6.33,23:54:10,2025/10/31,873.60,-22.28703050,-42.54226133,0,0,-93
2025-10-31 20:54:20,#100,237602,614,-1.61,24.22,nan,921.37,0.98,-0.41,-0.99,-6.00,0.29,7.68,23:54:10,2025/10/31,873.60,-22.28703050,-42.54226133,0,0,-92
2025-10-31 20:54:20,#100,237976,615,-1.59,24.22,nan,921.37,0.39,0.06,-0.93,-6.84,-0.50,6.24,23:54:10,2025/10/31,873.60,-22.28703050,-42.54226133,0,0,-93
2025-10-31 20:54:21,#100,238343,616,-1.78,24.23,nan,921.39,0.21,0.17,-0.20,-5.64,-0.03,6.84,23:54:11,2025/10/31,873.60,-22.28703050,-42.54226133,0,0,-90
2025-10-31 20:54:21,#100,239210,618,-2.07,24.25,nan,921.42,0.06,0.11,-0.13,-7.09,-0.29,7.54,23:54:11,2025/10/31,873.60,-22.28703050,-42.54226133,0,0,-102
2025-10-31 20:54:22,#100,239577,619,-1.74,24.25,nan,921.39,-0.17,0.55,0.78,-4.97,0.02,5.93,23:54:12,2025/10/31,873.60,-22.28703050,-42.54226133,0,0,-97
2025-10-31 20:54:22,#100,239952,620,-1.85,24.25,nan,921.40,-0.60,-0.53,-0.23,-6.64,0.45,7.36,23:54:12,2025/10/31,873.60,-22.28703050,-42.54226133,0,0,-99
2025-10-31 20:54:24,#100,240695,622,-1.73,24.25,nan,921.39,-0.09,0.29,0.12,-6.15,-0.17,5.29,23:54:13,2025/10/31,873.60,-22.28703050,-42.54226133,0,0,-101
2025-10-31 20:54:24,#100,241079,623,-1.84,24.24,nan,921.40,0.03,-0.38,-0.18,-4.96,0.95,7.09,23:54:13,2025/10/31,873.60,-22.28703050,-42.54226133,0,0,-104
2025-10-31 20:54:26,#100,242591,627,-1.96,24.25,nan,921.41,-0.23,0.20,-0.02,-4.31,0.09,7.62,23:54:15,2025/10/31,873.60,-22.28703050,-42.54226133,0,0,-106
2025-10-31 20:54:27,#100,243747,630,-1.67,24.27,nan,921.38,0.97,0.38,-0.10,-4.29,0.77,6.22,23:54:16,2025/10/31,873.60,-22.28703050,-42.54226133,0,0,-101
2025-10-31 20:54:28,#100,244518,632,-1.80,24.28,nan,921.39,0.30,-0.13,-0.55,-5.82,2.43,9.29,23:54:17,2025/10/31,873.60,-22.28703050,-42.54226133,0,0,-100
2025-10-31 20:54:28,#100,244903,633,-2.27,24.27,nan,921.44,1.66,0.12,-0.06,-5.33,2.09,4.52,23:54:17,2025/10/31,873.60,-22.28703050,-42.54226133,0,0,-102
2025-10-31 20:54:29,#100,245799,635,-2.79,24.27,nan,921.50,-0.40,-0.10,-0.14,-4.99,2.69,9.31,23:54:18,2025/10/31,873.60,-22.28703050,-42.54226133,0,0,-107
2025-10-31 20:54:29,#100,246181,636,-2.75,24.26,nan,921.50,-0.17,1.13,-0.07,-5.76,1.32,7.13,23
2025-10-31 20:54:32,#100,246971,638,-3.06,24.25,nan,921.53,0.40,-0.13,-0.66,-5.17,0.14,9.42,23:54:19,2025/10/31,873.60,-22.28703050,-42.54226133,0,0,-100
2025-10-31 20:54:33,#100,247333,639,-3.03,24.25,nan,921.53,0.17,0.22,-0.44,-4.24,0.22,8.23,23:54:20,2025/10/31,873.60,-22.28703050,-42.54226133,0,0,-101
2025-10-31 20:54:36,#100,248802,643,-4.07,24.23,nan,921.64,-0.15,-0.24,-0.23,-4.18,0.04,6.31,23:54:21,2025/10/31,873.60,-22.28703050,-42.5422<#22<=3,-104
2025-10-31 20:54:37,#100,249168,644,-4.20,24.23,nan,921.65,0.49,0.19,-0.26,-7.68,1.21,7.73,23:54:21,2025/10/31,873.60,-22.28703050,-42.54226133,0,0,-97
2025-10-31 20:54:38,#100,249535,645,-4.26,24.23,nan,921.66,-0.23,0.67,-0.97,-8.50,-2.01,9.16,23:54:22,2025/10/31,873.60,-22.28703050,-42.54226133,0,0,-104
2025-10-31 20:54:38,#100,250278,647,-4.66,24.24,nan,921.70,0.14,0.03,-0.17,-3.56,0.26,4.48,23:54:23,2025/10/31,873.60,-22.28703050,-42.54226133,0,0,-112
2025-10-31 20:54:39,#100,250647,648,-4.59,24.23,nan,921.70,0.18,-0.40,-0.48,-8.09,0.54,9.85,23:54:23,2025/10/31,873.60,-22.28703050,-42.54226133,0,0,-104
2025-10-31 20:54:39,#100,251022,649,-4.81,24.22,nan,921.72,0.04,1.30,-0.17,-3.48,1.13,5.93,23:54:23,2025/10/31,873.60,-22.28703050,-42.54226133,0,0,-104
2025-10-31 20:54:41,#100,252262,652,-5.38,24.21,nan,921.78,-0.61,0.36,-0.25,-5.27,0.42,5.64,23:54:25,2025/10/31,873.60,-22.28703050,-42.54226133,0,0,-103
2025-10-31 20:54:41,#100,253014,654,-5.22,24.20,nan,921.77,1.72,-0.09,-1.48,-4.64,2.06,6.12,23:54:25,2025/10/31,873.60,-22.28703050,-42.54226133,0,0,-106
2025-10-31 20:54:42,#100,253385,655,-5.38,24.21,nan,921.78,0.22,-0.71,-0.62,-7.38,-0.42,8.37,23:54:26,2025/10/31,873.60,-22.28703050,-42.54226133,0,0,-101
2025-10-31 20:54:43,vZ42440,-4r.u4226133,0,0,-104
2025-10-31 20:54:44,#100,254140,657,-5.41,24.20,nan,921.79,0.67,-0.06,-1.06,-4.41,1.46,6.62,23:54:26,2025/10/31,873.60,-22.28703050,-42.54226133,0,0,-102
2025-10-31 20:54:45,#100,254905,659,-5.32,24.22,nan,921.78,0.63,0.45,-0.57,-5.77,0.08,7.53,23:54:27,2025/10/31,873.60,-22.28703050,-42.54226133,0,0,-112
2025-10-31 20:54:45,#100,256048,662,-5.65,24.22,nan,921.81,0.35,0.43,-0.50,-5.37,0.28,5.31,23:54:28,2025/10/31,873.60,-22.28703050,-42.54226133,0,0,-112
2025-10-31 20:54:46,#100,257198,665,-5.89,24.18,nan,921.84,-0.17,1.42,-0.56,-7.58,-0.50,4.87,23:54:29,2025/10/31,873.60,-22.28703050,-42.54226133,0,0,-112
2025-10-31 20:54:48,#100,260358,673,-7.18,24.18,nan,921.98,-0.15,-0.09,-0.22,-4.60,0.58,5.05,23:54:33,2025/10/31,873.60,-22.28703050,-42.54226133,0,0,-109
2025-10-31 20:54:49,#100,261096,675,-7.46,24.17,nan,922.01,0.84,0.63,-0.44,-6.89,0.99,5.76,23:54:33,2025/10/31,873.60,-22.28703050,-42.54226133,0,0,-107
2025-10-31 20:54:54,#100,263830,682,-8.52,24.17,nan,922.13,-0.30,-1.17,-0.76,-6.77,2.90,4.58,23:54:36,2025/10/31,873.60,-22.28703050,-42.54226133,0,0,-102
2025-10-31 20:54:55,#100,264207,683,-8.44,24.16,nan,922.12,0.69,0.15,-0.78,-6.34,1.03,5.69,23:54:36,2V4S/10/31,873.60,-22.287R50,-42.4126133,0,0,-103
2025-10-31 20:54:55,#100,264578,684,-8.58,24.16,nan,922.13,-0.08,-0.49,-0.10,-5.56,0.38,5.46,23:54:37,2025/10/31,873.60,-22.28703050,-42.54226133,0,0,-103
2025-10-31 20:54:56,#100,264953,685,-8.76,24.17,nan,922.15,0.66,-0.40,-0.75,-6.06,2.32,7.70,23:54:37,2025/10/31,873.60,-22.28703050,-42.54226133,0,0,-101
2025-10-31 20:54:56,#100,266085,688,-8.99,24.16,nan,922.18,-1.11,1.48,0.02,-5.08,-0.43,5.77,23:54:38,2025/10/31,873.60,-22.28703050,-42.54226133,0,0,-103
2025-10-31 20:54:59,#100,267227,691,-9.85,24.14,nan,922.27,0.51,0.70,0.70,-5.77,-0.02,3.82,23:54:40,2025/10/31,873.60,-22.28703050,-42.54226133,0,0,-103
2025-10-31 20:54:59,#100,267998,693,-9.60,24.12,nan,922.25,0.19,0.26,0.29,-5.76,-0.22,4.69,23:54:40,2025/10/31,873.60,-22.28703050,-42.54226133,0,0,-107
2025-10-31 20:55:00,#100,268376,694,-9.68,24.11,nan,922.25,-0.34,-0.64,0.18,-7.45,-0.54,6.66,23:54:41,2025/10/31,873.60,-22.28703050,-42.54226133,0,0,-98
2025-10-31 20:55:00,#100,269149,696,-9.92,24.12,nan,922.28,0.03,-0.92,-1.12,-6.00,3.45,10.16,23:54:41,2025/10/31,873.60,-22.28703050,-42.54226133,0,0,-101
2025-10-31 20:55:01,#100,269531,697,-9.95,24.12,nan,922.28,0.06,0.65,-0.79,-7.07,-0.34,5.49,23:54:42,2025/10/31,873.60,-22.28703050,-42.54226133,0,0,-100
2025-10-31 20:55:01,#100,270042,698,-10.00,24.11,nan,922.29,0.69,-0.05,-0.12,-6.87,-0.48,4.89,23:54:42,2025/10/31,873.60,-22.28703050,-42.54226133,0,0,-102
2025-10-31 20:55:02,51,23.82,nan,922.34,-0.84,-0.41,0.34,-6.53,-2.08,7.84,23:55:02,2025/10/31,873.60,-22.28703050,-42.54226133,0,1,-102
2025-10-31 20:55:04,#100,291665,752,-10.67,23.80,nan,922.36,-0.21,-0.04,0.30,-7.74,0.35,5.75,23:55:04,2025/10/31,873.60,-22.28703050,-42.54226133,0,1,-104
2025-10-31 20:55:05,#100,292429,754,-10.54,23.79,nan,922.35,-0.31,-0.08,0.30,-7.46,-0.20,5.81,23:55:05,2025/10/31,873.60,-22.28703050,-42.54226133,0,1,-104
2025-10-31 20:55:06,#100,293968,758,-10.14,23.75,nan,922.30,0.73,-0.32,-0.41,-9.56,0.21,5.23,23:55:06,2025/10/31,873.60,-22.28703050,-42.54226133,0,1,-104
2025-10-31 20:55:07,#100,294348,759,-10.42,23.72,nan,922.34,0.34,-0.52,-0.48,-7.69,-1.24,4.98,23:55:07,2025/10/31,873.60,-22.28703050,-42.54226133,0,1,-99
2025-10-31 20:55:07,#100,294741,760,-10.60,23.72,nan,922.35,0.50,-0.47,-0.10,-7.64,0.21,8.15,23:55:07,2025/10/31,873.60,-22.28703050,-42.54226133,0,1,-102
2025-10-31 20:55:09,#100,296425,764,-10.38,23.75,nan,922.33,-1.38,-0.18,0.10,-7.15,0.27,6.32,23:55:09,2025/10/31,873.60,-22.28703050,-42.54226133,0,1,-105
2025-10-31 20:55:09,#100,296794,765,-10.30,23.75,nan,922.32,-0.89,0.41,0.33,-8.50,0.14,5.86,23:55:09,2025/10/31,873.60,-22.28703050,-42.54226133,0(q,-102
2025-10-31 20:55:10,#100,297159,766,-10.74,23.77,nan,922.37,-0.69,-0.40,0.24,-6.89,0.09,4.62,23:55:09,2025/10/31,873.60,-22.28703050,-42.54226133,0,1,-99
2025-10-31 20:55:11,#100,297527,767,-10.35,23.76,nan,922.33,-1.14,-0.17,0.51,-8.29,-0.09,4.76,23:55:10,2025/10/31,873.60,-22.28703050,-42.54226133,0,1,-99
2025-10-31 20:55:11,#100,297901,768,-10.37,23.77,nan,922.33,-1.74,0.06,0.88,-7.95,-0.66,5.01,23:55:10,2025/10/31,873.60,-22.28703050,-42.54226133,0,1,-100
2025-10-31 20:55:12,#100,298267,769,-10.53,23.78,nan,922.35,-0.67,0.26,0.41,-10.20,0.36,6.61,23:55:11,2025/10/31,873.60,-22.28703050,-42.54226133,0,1,-101
2025-10-31 20:55:12,#100,299012,771,-10.38,23.79,nan,922.33,-0.78,-0.09,0.52,-8.54,0.21,5.64,23:55:11,2025/10/31,873.60,-22.28703050,-42.54226133,0,1,-104
2025-10-31 20:55:13,#100,299379,772,-10.37,23.77,nan,922.33,-1.46,-0.10,0.44,-9.34,0.59,3.26,23:55:12,2025/10/31,873.60,-22.28703050,-42.54226133,0,1,-102
2025-10-31 20:55:14,#100,300495,775,-10.44,23.77,nan,922.34,0.80,-0.43,-0.90,-6.84,0.33,7.04,23:55:13,2025/10/31,873.60,-22.28703050,-42.54226133,0,1,-98
2025-10-31 20:55:15,#100,300869,776,-10.32,23.78,nan,922.32,1.35,-0.02,-0.47,-7.39,-0.59,5.86,23:55:13,2025/10/31,873.60,-22.28703050,-42.54226133,0,1,-100
2025-10-31 20:55:15,#100,302501,780,-10.75,23.74,nan,922.37,0.23,0.24,-0.73,-3.62,-0.88,8.99,23:55:15,2025/10/31,873.60,-22.28703050,-42.54226133,0,1,-103
2025-10-31 20:55:16,#100,302878,781,-10.58,23.75,nan,922.35,-0.35,0.31,0.12,-5.10,-1.68,7.86,23:55:15,2025/10/31,873.60,-22.28703050,-42.54226133,0,1,-100
2025-10-31 20:55:16,#100,303257,782,-10.76,23.77,nan,922.37,-0.11,0.13,0.12,-4.76,-1.89,7.04,23:55:16,2025/10/31,873.60,-22.28703050,-42.54226133,0,1,-100
2025-10-31 20:55:17,#100,303633,783,-10.89,23.77,nan,922.39,-0.09,0.14,-0.08,-5.21,-1.59,7.54,23:55:16,2025/10/31,873.60,-22.28703050,-42.54226133,0,1,-101
2025-10-31 20:55:17,#100,304020,784,-10.92,23.78,nan,922.39,0.05,0.09,-0.00,-5.55,-1.76,7.45,23:55:16,2025/10/31,873.60,-22.28703050,-42.54226133,0,1,-102
2025-10-31 20:55:18,#100,304398,785,-10.87,23.78,nan,922.38,0.11,0.07,0.03,-5.57,-1.93,5.85,23:55:17,2025/10/31,873.60,-22.28703050,-42.54226133,0,1,-100
2025-10-31 20:55:27,#100,10485,2,-0.10,23.73,nan,922.32,-0.30,0.45,-0.07,-4.84,1.68,7.21,23:55:30,2025/10/31,886.10,-22.28664900,-42.54165767,5,0,-108
2025-10-31 20:55:28,#100,11254,4,-0.36,23.75,nan,922.35,-0.30,0.16,0.10,-5.80,1.30,7.56,23:55:30,2025/10/31,882.70,-22.28664900,-42.54165767,3,0,-104
2025-10-31 20:55:28,#100,11615,5,-0.25,23.77,nan,922.34,-0.03,-0.02,0.23,-5.82,0.37,6.56,23:55:31,2025/10/31,882.70,-22.28664900,-42.54165767,0,0,-96
2025-10-31 20:55:29,#100,11985,6,-0.47,23.76,nan,922.36,0.44,-0.05,-0.65,-6.38,0.03,7.86,23:55:31,2025/10/31,882.70,-22.28664900,-42.54165767,0,0,-98
2025-10-31 20:55:29,#100,12350,7,-0.24,23.78,nan,922.34,0.09,-0.05,-0.51,-5.81,0.51,5.71,23:55:31,2025/10/31,882.70,-22.28664900,-42.54165767,0,0,-99
2025-10-31 20:55:32,#100,14554,13,-0.24,23.79,nan,922.34,-0.14,-0.01,0.25,-7.14,0.65,4.59,23:55:34,2025/10/31,882.70,-22.28664900,-42.54165767,0,0,-104
2025-10-31 20:55:32,#100,15045,14,0.06,23.80,nan,922.30,0.41,0.19,-0.29,-6.29,0.29,4.15,23:55:34,2025/10/31,882.70,-22.28664900,-42.54165767,0,0,-101
2025-10-31 20:55:33,#100,15409,15,-0.27,23.81,nan,922.34,-0.36,-0.25,-0.15,-8.28,0.32,4.42,23:55:35,2025/10/31,882.70,-22.28664900,-42.54165767,0,0,-102
2025-10-31 20:55:33,*=00,0'165,17,-0.10,23.82,nan,922.32,0.62,-0.15,-0.37,-7.15,1.29,5.85,23:55:35,2025/10/31,882.70,-22.28664900,-42.54165767,0,0,-108
2025-10-31 20:55:34,#100,16537,18,-0.18,23.82,nan,922.33,1.07,-0.12,-0.87,-5.33,-0.95,8.49,23:55:36,2025/10/31,882.70,-22.28664900,-42.54165767,0,0,-102
2025-10-31 20:55:34,#100,16918,19,-0.11,23.81,nan,922.32,0.35,0.27,-0.43,-6.08,0.27,5.64,23:55:36,2025/10/31,882.70,-22.28664900,-42.54165767,0,0,-101
2025-10-31 20:55:35,#100,17291,20,-0.19,23.79,nan,922.33,0.50,0.27,-0.62,-7.04,1.48,5.01,23:55:36,2025/10/31,882.70,-22.28664900,-42.54165767,0,0,-101
2025-10-31 20:55:36,#100,18041,22,-0.16,23.79,nan,922.33,1.02,-0.29,-0.37,-6.50,-0.31,6.72,23:55:37,2025/10/31,882.70,-22.28664900,-42.54165767,0,0,-101
2025-10-31 20:55:37,#100,18418,23,-0.08,23.77,nan,922.32,0.96,0.49,-0.57,-7.78,0.89,7.40,23:55:38,2025/10/31,882.70,-22.28664900,-42.54165767,0,0,-99
2025-10-31 20:55:37,#100,19179,25,0.15,23.73,nan,922.29,0.38,0.53,-0.71,-7.48,-1.78,3.53,23:55:38,2025/10/31,882.70,-22.28664900,-42.54165767,0,0,-103
2025-10-31 20:55:38,#100,19936,27,0.22,23.69,nan,922.29,0.47,-0.35,-0.32,-7.42,1.92,7.04,23:55:39,2025/10/31,882.70,-22.28664900,-42.54165767,0,0,-107
2025-10-31 20:55:38,#100,20693,29,0.26,23.70,nan,922.28,-0.10,0.52,0.20,-6.05,-0.65,5.56,23:55:40,2025/10/31,882.70,-22.28664900,-42.54165767,0,0,-100
2025-10-31 20:55:40,#100,22354,33,0.29,23.71,nan,922.28,0.93,-0.72,-0.00,-5.90,0.66,6.56,23:55:41,2025/10/31,882.70,-22.28664900,-42.54165767,0,0,-97
2025-10-31 20:55:40,#100,22711,34,0.15,23.72,nan,922.29,-0.85,0.56,-0.26,-8.81,-0.72,7.13,23:55:42,2025/10/31,882.70,-22.28664900,-42.54165767,0,0,-100
2025-10-31 20:55:41,#100,23435,36,0.07,23.71,nan,922.30,0.44,-0.63,0.18,-5.48,0.71,6.17,23:55:43,2025/10/31,882.70,-22.28664900,-42.54165767,0,0,-108
2025-10-31 20:55:42,#100,24520,39,-0.18,23.71,nan,922.33,1.05,0.45,-0.26,-5.14,-0.01,7.27,23:55:44,2025/10/31,882.70,-22.28664900,-42.54165767,0,0,-97
2025-10-31 20:55:43,#100,24886,40,-0.46,23.70,nan,922.36,-0.79,-0.72,0.26,-5.69,1.17,9.42,23:55:44,2025/10/31,882.70,-22.28664900,-42.54165767,0,0,-99
2025-10-31 20:55:43,#100,25255,41,-0.24,23.71,nan,922.34,0.50,0.03,-0.30,-6.98,2.68,7.42,23:55:44,2025/10/31,882.70,-22.28664900,-42.54165767,0,0,-100
2025-10-31 20:55:44,#100,25628,42,-0.07,23.73,nan,922.32,-0.06,0.16,-0.30,-7.72,1.33,4.37,23:55:45,2025/10/31,882.70,-22.28664900,-42.54165767,0,0,-99
2025-10-31 20:55:45,#100,26363,44,0.20,23.73,nan,922.29,0.52,-0.15,-0.49,-7.20,3.52,5.95,23:55:45,2025/10/31,882.70,-22.28664900,-42.54165767,0,0,-97
2025-10-31 20:55:46,#100,27227,46,0.07,23.73,nan,922.30,0.03,-0.06,-0.01,-7.28,1.51,4.41,23:55:46,2025/10/31,882.70,-22.28664900,-42.54165767,0,0,-103
2025-10-31 20:55:46,#100,27593,47,-0.23,23.72,nan,922.33,0.47,0.68,0.44,-5.56,1.47,6.55,23:55:47,2025/10/31,882.70,-22.28664900,-42.54165767,0,0,-101
2025-10-31 20:55:47,#100,27964,48,-0.15,23.71,nan,922.33,-0.36,0.19,-0.06,-7.47,0.58,10.55,23:55:47,2025/10/31,882.70,-22.28664900,-42.54165767,0,0,-102
2025-10-31 20:55:48,#100,29083,51,-0.21,23.71,nan,922.33,-0.52,-0.51,0.32,-8.33,0.32,6.05,23:55:48,2025/10/31,882.70,-22.28664900,-42.54165767,0,0,-102
2025-10-31 20:55:49,#100,29827,53,-0.20,23.72,nan,922.33,0.71,0.79,-0.14,-8.42,0.72,2.81,23:55:49,2025/10/31,882.70,-22.28664900,-42.54165767,0,0,-111
2025-10-31 20:55:50,#100,31339,57,-0.10,23.71,nan,922.32,-0.24,0.36,0.32,-5.62,0.28,6.02,23:55:50,2025/10/31,882.70,-22.28664900,-42.54165767,0,0,-107
2025-10-31 20:55:51,#100,31714,58,-0.35,23.71,nan,922.35,0.02,-0.38,-0.04,-9.85,0.54,7.48,23:55:51,2025/10/31,882.70,-22.28664900,-42.54165767,0,0,-101
2025-10-31 20:55:51,#100,32483,60,-0.19,23.70,nan,922.33,-0.85,-0.14,0.49,-5.97,0.65,7.07,23:55:52,2025/10/31,882.70,-22.28664900,-42.54165767,0,0,-103
2025-10-31 20:55:52,#100,32864,61,-0.45,23.71,nan,922.36,0.14,-0.05,-0.24,-7.64,1.34,6.32,23:55:52,2025/10/31,882.70,-22.28664900,-42.54165767,0,0,-99
2025-10-31 20:55:52,#100,33364,62,0.20,23.71,nan,922.29,-0.43,0.26,-0.23,-8.82,-0.61,5.30,23:55:52,2025/10/31,882.70,-22.28664900,-42.54165767,0,0,-100
2025-10-31 20:55:53,#100,33743,63,-0.15,23.72,nan,922.33,0.35,0.58,0.29,-5.77,0.44,4.76,23:55:53,2025/10/31,882.70,-22.28664900,-42.54165767,0,0,-100
2025-10-31 20:55:53,#100,34160,64,-0.20,23.71,nan,922.33,0.41,-0.43,-0.17,-7.24,1.26,4.92,23:55:53,2025/10/31,882.70,-22.28664900,-42.54165767,0,0,-99
2025-10-31 20:55:54,#100,34527,65,-0.10,23.71,nan,922.32,-0.08,0.46,-0.30,-8.49,-0.66,6.02,23:55:54,2025/10/31,882.70,-22.28664900,-42.54165767,0,0,-100
2025-10-31 20:55:57,#100,35981,69,-0.52,23.68,nan,922.37,-0.14,0.40,0.40,-5.27,0.02,4.18,23:55:55,2025/10/31,882.70,-22.28664900,-42.54165767,0,0,-98
2025-10-31 20:55:58,#100,36713,71,-0.43,23.68,nan,922.34,-0.58,0.22,0.13,-6.16,-0.38,8.82,23:55:56,2025/10/31,882.70,-22.28664900,-42.54165767,0,0,-99
2025-10-31 20:55:59,#100,37443,73,-0.68,23.66,nan,922.38,0.32,-0.56,-0.20,-6.28,0.79,6.22,23:55:57,2025/10/31,882.70,-22.28664900,-42.54165767,0,0,-98
2025-10-31 20:56:00,#100,37807,74,-0.57,23.67,nan,922.37,-0.35,0.14,-0.13,-6.53,0.27,9.72,23:55:57,2025/10/31,882.70,-22.28664900,-42.54165767,0,0,-99
2025-10-31 20:56:00,#100,38176,75,-0.35,23.68,nan,922.35,-0.41,0.22,0.31,-5.16,0.26,7.04,23:55:57,2025/10/31,882.70,-22.28664900,-42.54165767,0,0,-97
2025-10-31 20:56:01,#100,38541,76,-0.40,23.69,nan,922.35,0.09,-0.90,0.03,-5.85,1.11,6.60,23:55:58,2025/10/31,882.70,-22.28664900,-42.54165767,0,0,-99
2025-10-31 20:56:01,#100,38913,77,-0.30,23.69,nan,922.34,-0.11,0.89,0.28,-5.86,0.42,8.71,23:55:58,2025/10/31,882.70,-22.28664900,-42.54165767,0,0,-99
2025-10-31 20:56:02,#100,39402,78,-0.40,23.70,nan,922.35,0.16,0.69,-0.16,-6.80,-0.84,7.31,23:55:59,2025/10/31,882.70,-22.28664900,-42.54165767,0,0,-97
2025-10-31 20:56:02,#100,39770,79,-0.27,23.71,nan,922.34,0.49,0.31,-0.27,-6.12,-0.48,3.98,23:55:59,2025/10/31,882.70,-22.28664900,-42.54165767,0,0,-98
2025-10-31 20:56:03,#100,40141,80,-0.42,23.71,nan,922.36,0.79,-0.05,0.44,-7.15,-1.68,6.19,23:55:59,2025/10/31,882.70,-22.28664900,-42.54165767,0,0,-100
2025-10-31 20:56:03,#100,40887,82,-0.68,23.71,nan,922.38,0.65,0.33,-0.20,-5.45,0.17,6.32,23:56:00,2025/10/31,882.70,-22.28664900,-42.54165767,0,0,-104
2025-10-31 20:56:05,#100,41632,84,-0.58,23.72,nan,922.37,0.50,0.16,-0.11,-7.07,1.52,8.03,23:56:01,2025/10/31,882.70,-22.28664900,-42.54165767,0,0,-102
2025-10-31 20:56:05,#100,43141,88,-0.80,23.73,nan,922.40,-0.07,0.34,-0.24,-6.56,1.47,7.62,23:56:02,2025/10/31,882.70,-22.28664900,-42.54165767,0,0,-108
2025-10-31 20:56:07,#100,44274,91,-0.67,23.74,nan,922.38,0.06,0.70,-0.33,-7.72,0.08,7.44,23:56:03,2025/10/31,882.70,-22.28664900,-42.54165767,0,0,-111
2025-10-31 20:56:07,#100,45040,93,-0.60,23.75,nan,922.37,-0.07,-0.60,-0.18,-5.61,1.97,6.54,23:56:04,2025/10/31,882.70,-22.28664900,-42.54165767,0,0,-108
2025-10-31 20:56:08,#100,46700,97,-0.72,23.73,nan,922.39,-0.29,0.71,0.44,-5.16,0.75,4.72,23:56:06,2025/10/31,882.70,-22.28664900,-42.54165767,0,0,-111
2025-10-31 20:56:08,#100,47420,99,-0.65,23.72,nan,922.37,0.12,0.11,-0.29,-7.4/.`.48,5.84,23:56:07,2025/10/31,882.70,-22.28664900,-42.54165767,0,0,-112
2025-10-31 20:56:09,#100,48901,103,-0.59,23.72,nan,922.37,-0.46,0.07,0.23,-5.40,0.23,5.99,23:56:08,2025/10/31,882.70,-22.28664900,-42.54165767,0,0,-105
2025-10-31 20:56:12,#100,50747,108,-0.55,23.74,nan,922.37,0.59,0.28,-0.46,-7.60,-0.65,5.87,23:56:10,2025/10/31,882.70,-22.28664900,-42.54165767,0,0,-110
2025-10-31 20:56:14,#100,51993,111,-0.28,23.72,nan,922.34,-0.00,0.08,0.17,-7.58,-0.99,4.94,23:56:11,2025/10/31,882.70,-22.28664900,-42.54165767,0,0,-111
2025-10-31 20:56:18,#100,56152,122,-0.45,23.77,nan,922.36,-0.30,-0.10,-0.38,-6.71,1.19,7.28,23:56<73,2025/10/31,882.70,-22.28664900,-42.54165767,0,0,-112
2025-10-31 20:56:18,#100,56915,124,-0.47,23.79,nan,922.36,-0.54,0.30,-0.16,-8.54,-0.50,6.02,23:56:16,2025/10/31,882.70,-22.28664900,-42.54165767,0,0,-107
2025-10-31 20:56:23,#100,61542,136,-0.33,23.81,nan,922.35,-0.15,-0.05,0.47,-5.85,0.84,6.82,23:56:21,2025/10/31,882.70,-22.28664900,-42.54165767,0,0,-110
2025-10-31 20:56:23,#100,64267,143,-0.49,23.79,nan,922.36,0.36,-0.96,0.03,-5.23,1.25,9.11,23:56:23,2025/10/31,882.70,-22.28664900,-42.54165767,0,0,-112
2025-10-31 20:56:25,#100,67290,151,-0.22,23.81,nan,922.33,-0.47,0.24,0.35,-5.55,0.65,5.40,23:56:26,2025/10/31,882.70,-22.28664900,-42.54165767,0,0,-113
2025-10-31 20:56:38,#100,81085,187,-0.07,23.83,nan,922.32,-0.09,0.09,-0.26,-2.22,0.80,6.02,23:56:40,2025/10/31,882.70,-22.28664900,-42.54165767,0,0,-108
2025-10-31 20:56:40,#100,83495,193,-0.53,23.85,nan,922.37,-0.03,-0.08,0.23,-1.71,0.12,9.35,23:56:43,2025/10/31,882.70,-22.28664900,-42.54165767,0,0,-111
2025-10-31 20:56:42,#100,85319,198,-0.14,23.88,nan,922.32,0.36,-0.10,-0.28,-2.73,1.97,6.92,23:56:44,2025/10/31,882.70,-22.28664900,-42.54165767,0,0,-111
2025-10-31 20:56:46,#100,89526,209,0.21,23.87,nan,922.29,-0.07,-0.16,-0.38,-1.41,2.90,7.90,23:56:49,2025/10/31,898.60,-22.28621750,-42.54140783,5,0,-111
2025-10-31 20:56:54,#100,95369,224,0.28,23.79,nan,922.28,0.11,-0.50,-0.55,-2.49,4.41,7.54,23:56:54,2025/10/31,908.70,-22.28617883,-42.54131067,5,0,-115
2025-10-31 20:56:59,#100,101002,239,0.22,23.77,nan,922.29,-0.04,-0.01,-0.08,-2.96,2.69,8.16,23:57:00,2025/10/31,914.30,-22.28615483,-42.54122450,5,0,-113
2025-10-31 20:57:01,#100,103632,246,0.22,23.78,nan,922.29,0.22,0.27,-0.54,-2.66,2.46,6.57,23:57:03,2025/10/31,922.20,-22.28614200,-42.54116783,5,0,-114
2025-10-31 20:57:05,#100,108321,258,0.62,23.77,nan,922.24,-0.12,-0.25,-0.26,-1.97,2.29,7.73,23:57:07,2025/10/31,926.70,-22.28612300,-42.5411128sm0$0,-112
2025-10-31 20:57:08,#100,111640,267,0.60,23.77,nan,922.24,0.75,-0.46,-0.18,-1.85,2.58,9.44,23:57:11,2025/10/31,923.30,-22.28612100,-42.54109167,5,0,-116
2025-10-31 20:57:35,#100,138233,336,0.66,23.56,nan,922.24,-0.98,0.23,0.85,-4.62,3.38,7.64,23:57:37,2025/10/31,925.60,-22.28604467,-42.54096650,5,0,-114
2025-10-31 20:57:36,#100,139361,339,0.83,23.52,nan,922.22,-0.26,0.54,0.32,-3.58,2.83,7.73,23:57:38,2025/10/31,925.50,-22.28604317,-42.54096600,5,0,-113
2025-10-31 20:57:39,#100,142004,346,0.97,23.26,nan,922.24,-0.25,0.46,0.19,-5.57,3.08,6.66,23:57:41,2025/10/31,925.50,-22.28605417,-42.54097423,5,0,-118
2025-10-31 20:57:44,#100,147380,360,0.92,22.78,nan,922.21,0.20,0.04,0.17,-5.47,3.09,7.13,23:57:46,2025/10/31,925.40,-22.28606483,-42.54094583,5,0,-114
2025-10-31 20:57:52,#100,155419,381,1.28,22.60,nan,922.17,0.47,-0.43,-0.09,-4.77,3.68,7.72,23:57:54,2025/10/31,925.30,-22.28606867,-42.54087367,5,0,-111
2025-10-31 20:57:54,#100,157788,38w,1.00,n40,nan,922.20,-0.03,-0.00,0.21,-5.60,2.62,7.21,23:57:57,2025/10/31,925.10,-22.28605833,-42.54081767,5,0,-113
2025-10-31 20:57:56,#100,159269,391,1.12,22.62,nan,922.19,0.01,0.02,-0.20,-5.52,3.97,6.98,23:57:58,2025/10/31,925.10,-22.28605517,-42.54080633,5,0,-111
2025-10-31 20:57:59,#100,162376,391$1.25,22.61,nan,922.17,-0.56,0.55,-0.09,-5.63,2.91,6.22,23:58:01,2025/10/31,925.10,-22.28604617,-42.54076300,5,0,-116
2025-10-31 20:58:05,#100,168610,415,1.23,22.52,nan,922.17,-0.77,-0.03,0.65,-3.22,4.45,8.68,23:58:08,2025/10/31,924.70,-22.28603667,-42.54068667,5,0,-113
2025-10-31 20:58:09,#100,173033,427,1.24,22.46,nan,922.17,0.29,0.07,-0.33,-0.93,4.33,7.42,23:58:12,2025/10/31,924.10,-22.28603600,-42.54064083,5,0,-115
2025-10-31 20:58:11,#100,175017,432,1.62,22.39,nan,922.15,-0.69,0.42,0.50,-4.85,1.95,8.03,23:58:14,2025/10/31,923.80,-22.28603300,-42.54062267,5,0,-113
2025-10-31 20:58:14,#100,177266,438,1.59,22.31,nan,922.14,-0.21,0.15,0.26,-5.81,1.45,6.68,23:58:16,2025/10/31,923.70,-22.28602283,-42.54062417,5,0,-115
2025-10-31 20:58:15,#100,178774,442,1.21,22.21,nan,922.18,-0.96,0.22,0.45,-6.12,5.54,5.80,23:58:18,2025/10/31,923.70,-22.28602250,-42.54063300,5,0,-110
2025-10-31 20:58:17,#100,180465,446,0.51,22.18,nan,922.25,0.28,-0.14,-0.57,-3.11,3.85,7.55,23:58:20,2025/10/31,923.60,-22.28602517,-42.54063750,5,0,-110
2025-10-31 20:58:18,#100,181563,449,0.42,22.17,nan,922.25,0.17,0.36,-0.61,-2.96,3.27,6.30,23:58:21,2025/10/31,923.40,-22.28602500,-42.54064083,5,0,-113
2025-10-31 20:58:19,#100,182661,452,0.86,22.16,nan,922.22,0.01,-0.13,-0.72,-3.56,3.34,8.60,23:58:22,2025/10/31,923.30,-22.28602517,-42.54063883,5,0,-113
2025-10-31 20:58:21,#100,183772,455,0.78,22.15,nan,922.22,0.39,-0.23,-0.66,-4.53,2.29,7.03,23:58:23,2025/10/31,922.90,-22.28602967,-42.54063167,5,0,-111
2025-10-31 20:58:21,'q00,184886,458,0.80,22.15,nan,922.22,-0.50,-0.49,0.46,-6.45,5.90,6.11,23:58:24,2025/10/31,922.50,-22.28603233,-42.54062400,5,0,-113
2025-10-31 20:58:23,#100,186009,461,1.18,22.12,nan,922.18,0.66,-0.85,-1.50,-1.70,4.11,7.72,23:58:25,2025/10/31,922.20,-22.28603167,-42.54061733,5,0,-114
2025-10-31 20:58:24,#100,187263,464,1.11,22.10,nan,922.19,0.03,-0.24,-0.37,-4.13,4.25,7.94,23:58:26,2025/10/31,922.10,-22.28603233,-42.54062000,5,0,-114
2025-10-31 20:58:32,#100,195329,485,0.71,22.03,nan,922.23,-0.32,-0.12,-0.22,-2.29,2.75,7.54,23:58:34,2025/10/31,920.50,-22.28605417,-42.54068600,5,0,-110
2025-10-31 20:58:56,#100,219821,549,0.39,21.75,nan,922.27,-0.93,-0.29,-0.03,-1.41,3.65,10.53,23:58:59,2025/10/31,920.80,-22.28618883,-42.54089450,5,0,-114
2025-10-31 20:59:09,#100,230292,576,0.25,21.72,nan,922.28,-1.04,-1.36,-0.28,-5.12,3.91,8.74,23:59:09025/10/31,920.80,-22.28615583,-42.54114550,4,0,-118
2025-10-31 20:59:14,#100l236736,593,-0.26,21.72,nan,922.34,0.15,-0.39,-0.17,-3.00,3.51,8.90,23:59:16,2025/10/31,920.70,-22.28614767,-42.54128383,5,0,-114
2025-10-31 20:59:15,#100,237878,596,-0.20,21.71,nan,922.33,0.64,0.89,-0.27,-1.99,1.78,6.93,23:59:17,2025/10/31,920.70,-22.28614433,-42.54129700,5,0,-112
2025-10-31 20:59:16,#100,239416,600,-0.07,21.68,nan,922.32,-0.15,0.34,0.64,-3.75,2.16,4.98,23:59:18,2025/10/31,920.70,-22.28614450,-42.54130850,5,0,-115
2025-10-31 20:59:18,#100,240954,604,-0.13,21.68,nan,922.32,0.34,0.17,-0.64,-3.25,1.14,5.97,23:59:20,2025/10/31,920.60,-22.28614350,-42.54134133,4,0,-112
2025-10-31 20:59:20,#100,243713,611,-0.22,21.65,nan,922.33,0.36,-0.34,0.26,-5.51,4.42,9.17,23:59:23,2025/10/31,920.50,-22.28614217,-42.54138900,5,0,-114
2025-10-31 20:59:22,#100,245193,615,-0.27,21.70,nan,922.34,0.32,0.02,0.06,-5.04,0.81,10.16,23:59:24,2025/10/31,920.50,-22.28614250,-42.54140833,5,0,-109
2025-10-31 20:59:25,#100,247989,622,-0.23,21.77,nan,922.34,0.00,0.00,-9.75,-151.05,68.95,4.90,23:59:27,2025/10/31,920.40,-22.28615350,-42.54146117,4,0,-114
2025-10-31 20:59:26,#100,249939,627,-0.29,21.78,nan,922.34,-0.32,0.87,0.05,-3.52,1.19,5.53,23:59:29,2025/10/31,920.30,-22.28614733,-42.54149100,5,0,-115
2025-10-31 20:59:30,#100,253021,635,-0.42,21.79,nan,922.36,-0.02,0.29,0.65,-3.09,0.70,6.98,23:59:32,2025/10/31,920.30,-22.28613900,-42.54154333,5,0,-111
2025-10-31 20:59:31,#100,254305,638,-0.70,21.79,nan,922.39,0.13,0.48,0.32,-3.49,3.33,10.88,23:59:33,2025/10/31,920.30,-22.28613550,-42.54155633,5,0,-110
2025-10-31 20:59:36,#100,258034,648,-0.70,21.77,nan,922.39,-0.00,0.18,0.01,-3.71,1.00,6.02,23:59:37,2025/10/31,920.00,-22.28618700,-42.54157267,5,0,-112
2025-10-31 20:59:37,#100,258776,650,-0.72,21.77,nan,922.39,-0.89,-0.70,-0.42,-2.99,3.99,9.64,23:59:38,2025/10/31,919.90,-22.28620367,-42.54157117,5,0,-108
2025-10-31 20:59:37,#100,259161,651,-0.35,21.76,nan,922.35,-0.04,-0.20,0.09,-3.73,2.38,10.06,23:59:38,2025/10/31,919.90,-22.28620367,-42.54157117,5,0,-104
2025-10-31 20:59:38,#100,259539,652,-0.21,21.76,nan,922.33,-0.44,0.39,0.58,-2.77,1.95,5.70,23:59:39,2025/10/31,919.90,-22.28622050,-42.54157083,5,0,-104
2025-10-31 20:59:38,#100,259915,653,-0.24,21.75,nan,922.34,0.03,-1.28,-0.37,-2.99,3.03,7.27,23:59:39,2025/10/31,919.80,-22.28622050,-42.54157083,5,0,-103
2025-10-31 20:59:39,#100,260418,654,-0.43,21.74,nan,922.36,-0.44,0.40,0.55,-2.06,2.03,9.18,23:59:39,2025/10/31,919.80,-22.28622050,-42.54157083,5,0,-103
2025-10-31 20:59:39,#100,260793,655,-0.39,21.73,nan,922.35,0.38,0.00,-0.30,-2.16,4.84,14.76,23:59:40,2025/10/31,919.70,-22.28623367,-42.54156517,5,0,-101
2025-10-31 20:59:40,#100,261556,657,-0.28,21.73,nan,922.34,-0.45,0.73,0.47,-1.64,1.99,5.74,23:59:41,2025/10/31,920.10,-22.28624767,-42.54156250,5,0,-110
2025-10-31 20:59:41,#100,262312,659,-0.04,21.71,nan,922.31,0.27,0.28,-0.11,-4.02,1.30,9.29,23:59:41,2025/10/31,920.10,-22.28624767,-42.54156250,5,0,-102
2025-10-31 20:59:42,#100,263078,661,-0.53,21.70,nan,922.37,-0.52,-0.28,0.17,-0.96,1.59,8.09,23:59:42,2025/10/31,920.00,-22.28626417,-42.54156200,4,0,-112
2025-10-31 20:59:44,ERRO: Servo no abriu!,-107
2025-10-31 20:59:45,Paraquedas acionado. Altitude: -3444.26 Vel: -8968.05,-103
2025-10-31 20:59:46,#100,264880,663,19584.78,181.34,nan,43.08,-34.74,-34.74,-34.74,-156.29,-156.29,-156.29,23:59:44,2025/10/31,920.00,-22.28631283,-42.54155317,5,1,-106
2025-10-31 20:59:48,#100,266196,665,-8154.69,-138.88,nan,1366.60,0.00,0.00,-9.75,-151.05,68.95,4.90,23:59:45,2025/10/31,919.70,-22.28633833,-42.54154317,4,1,-104
2025-10-31 20:59:48,#100,267611,667,-3444.26,-138.88,nan,2238.21,0.00,0.00,-9.75,-151.05,68.95,4.90,23:59:47,2025/10/31,919.70,-22.28636883,-42.54152433,4,1,-109
2025-10-31 20:59:49,#100,268243,668,18620.92,-138.88,nan,43.08,0.00,0.00,0.00,0.00,0.00,0.00,23:59:47,2025/10/31,919.70,-22.28636883,-42.54152433,4,1,-104
2025-10-31 20:59:49,#100,268769,669,-3444.26,-138.88,nan,1475.45,0.03,0.00,0.00,0.00,0.00,0.00,23:59:48,2025/10/31,919.60,-22.28638333,-42.54151250,4,1,-103
2025-10-31 20:59:50,#100,269715,671,18935.24,-33.51,nan,1507.12,0.00,0.00,0.00,4.90,0.00,0.00,23:59:49,2025/10/31,919.60,-22.28639317,-42.54150350,4,1,-105
2025-10-31 20:59:50,#100,270251,672,-3444.26,-138.88,nan,1366.60,0.00,0.00,0.00,0.00,0.00,0.00,23:59:49,2025/10/31,919.60,-22.28639317,-42.54150350,4,1,-105
2025-10-31 20:59:51,#100,271055,674,0.23,21.63,nan,922.28,0.49,0.31,-0.05,-4.66,4.82,5.77,23:59:50,2025/10/31,919.60,-22.28640367,-42.54149550,5,1,-108
2025-10-31 20:59:51,#100,271418,675,-0.08,21.61,nan,922.32,-0.65,-0.44,-0.54,-1.24,5.23,7.36,23:59:50,2025/10/31,919.60,-22.28640367,-42.54149550,5,1,-104
2025-10-31 20:59:53,#100,272166,677,-0.24,21.59,nan,922.34,0.04,0.29,0.32,-3.00,4.44,6.80,23:59:51,2025/10/31,919.60,-22.28642167,-42.54149400,5,1,-100
2025-10-31 20:59:53,#100,272910,679,-0.36,21.53,nan,922.35,-0.59,-0.38,0.38,-3.65,4.47,10.82,23:59:52,2025/10/31,919.60,-22.28643517,-42.54148733,5,1,-107
2025-10-31 20:59:54,#100,273285,680,-0.14,21.52,nan,922.33,-0.32,-0.03,0.20,-3.85,5.13,7.08,23:59:52,2025/10/31,919.60,-22.28643517,-42.54148733,5,1,-101
2025-10-31 20:59:54,#100,273656,681,-0.01,21.51,nan,922.31,0.28,0.12,-0.45,-2.84,3.73,5.59,23:59:53,2025/10/31,919.60,-22.28645733,-42.54149517,5,1,-102
2025-10-31 20:59:55,#100,274034,682,-0.25,21.51,nan,922.34,0.08,0.54,0.63,-2.68,3.89,8.66,23:59:53,2025/10/31,919.60,-22.28645733,-42.54149517,5,1,-98
2025-10-31 20:59:55,#100,274784,684,0.03,21.51,nan,922.31,0.36,0.52,-0.63,-5.18,3.28,6.50,23:59:54,2025/10/31,919.50,-22.28647750,-42.54149817,5,1,-116
2025-10-31 21:00:00,#100,277569,691,-0.04,21.49,nan,922.31,-0.77,-0.83,0.23,-1.80,5.84,9.74,23:59:57,2025/10/31,919.50,-22.28653483,-42.54151233,5,1,-108
2025-10-31 21:00:00,#100,278333,693,0.04,21.48,nan,922.31,-0.29,0.67,0.55,-2.83,2.86,5.82,23:59:57,2025/10/31,919.50,-22.28653483,-42.54151233,5,1,-109
2025-10-31 21:00:01,#100,278715,694,0.31,21.47,nan,922.28,0.01,-0.43,-0.49,-0.97,2.25,6.83,23:59:58,2025/10/31,919.40,-22.28655100,-42.54151550,5,1,-105
2025-10-31 21:00:01,#100,280254,698,0.30,21.43,nan,922.28,0.80,-0.03,-0.04,-2.70,5.05,7.64,23:59:59,2025/10/31,919.40,-22.28656717,-42.54151483,5,1,-104
2025-10-31 21:00:05,#100,281416,701,0.10,21.42,nan,922.30,0.44,0.76,-0.02,-2.04,3(43,5.40,00:00:00,2025/11/01,919.40,-22.28658233,-42.54151333,5,1,-103
2025-10-31 21:00:05,#100,281896,702,0.17,21.40,nan,922.29,-0.18,0.03,0.09,-2.85,4.11,4.05,00:00:01,2025/11/01,919.40,-22.28659717,-42.54151083,5,1,-102
2025-10-31 21:00:06,#100,282260,703,0.04,21.39,nan,922.31,0.29,0.08,0.19,-1.75,5.64,9.01,00:00:01,2025/11/01,919.40,-22.28659717,-42.54151083,5,1,-103
2025-10-31 21:00:06,#100,282619,704,0.45,21.37,nan,922.26,0.09,-0.07,-0.03,-1.66,5.44,9.03,00:00:02,2025/11/01,919.30,-22.28661283,-42.54151067,5,1,-104
2025-10-31 21:00:08,#100,283349,706,-0.14,21.35,nan,922.33,-0.20,0.35,0.19,-0.77,3.34,8.50,00:00:02,2025/11/01,919.30,-22.28661283,-42.54151067,5,1,-101
2025-10-31 21:00:10,#100,285210,711,0.17,21.31,nan,922.29,0.50,-0.42,-0.21,-3.66,5.64,9.29,00:00:04,2025/11/01,919.30,-22.28664200,-42.54151033,5,1,-107
2025-10-31 21:00:12,#100,286709,715,0.33,21.28,nan,922.27,-0.03,-0.64,-0.02,-3.66,7.63,10.81,00:00:06,2025/11/01,919.20,-22.28666983,-42.54150583,5,1,-101
2025-10-31 21:00:12,#100,287088,716,-0.03,21.27,nan,922.31,1.37,0.44,-0.22,-1.76,2.18,4.14,00:00:06,2025/11/01,919.20,-22.28666983,-42.54150583,5,1,-98
2025-10-31 21:00:13,#100,287465,717,-0.10,21.26,nan,922.32,-0.42,0.20,0.92,-1.94,4.20,7.85,00:00:07,2025/11/01,919.20,-22.28668383,-42.54150617,5,1,-98
2025-10-31 21:00:13,#100,287973,718,0.34,21.25,nan,922.27,0.27,0.09,-0.50,-1.98,3.50,5.51,00:00:07,2025/11/01,919.20,-22.28668383,-42.54150617,5,1,-98
2025-10-31 21:00:14,#100,288348,719,0.34,21.25,nan,922.27,0.44,0.09,0.35,-0.95,3.60,9.60,00:00:07,2025/11/01,919.20,-22.28668383,-42.54150617,5,1,-92
2025-10-31 21:00:14,#100,289105,721,0.58,21.23,nan,922.25,-0.08,-0.51,-0.28,-3.79,3.58,7.75,00:00:08,2025/11/01,919.20,-22.28669850,-42.54150717,5,1,-97
2025-10-31 21:00:15,#100,289857,723,0.71,21.22,nan,922.23,0.12,-0.45,-0.21,-2.69,5.69,7.46,00:00:09,2025/11/01,919.20,-22.28671217,-42.54150467,5,1,-97
2025-10-31 21:00:15,#100,290624,725,0.46,21.22,nan,922.26,0.17,0.06,-0.15,-2.11,4.82,8.90,00:00:10,2025/11/01,919.20,-22.28672400,-42.54150133,5,1,-102
2025-10-31 21:00:16,#100,291395,727,0.55,21.21,nan,922.26,0.36,-0.08,-0.07,-1.40,6.35,9.97,00:00:10,2025/11/01,919.20,-22.28672400,-42.54150133,5,1,-95
2025-10-31 21:00:16,#100,291778,728,0.29,21.21,nan,922.28,-0.04,-0.39,-0.00,-2.17,4.30,8.84,00:00:11,2025/11/01,919.10,-22.28673933,-42.54150817,5,1,-98
2025-10-31 21:00:17,#100,293341,732,0.62,21.25,nan,922.24,-0.48,0.28,0.07,-4.11,4.35,10.92,00:00:12,2025/11/01,919.10,-22.28675083,-42.54150767,5,1,-92
2025-10-31 21:00:17,#100,294560,735,0.37,21.25,nan,922.27,-0.19,0.72,0.51,-1.44,2.70,6.10,00:00:14,2025/11/01,919.10,-22.28677133,-42.54150733,5,1,-92
2025-10-31 21:00:19,#100,295290,737,0.96,21.23,nan,922.21,0.52,0.35,-0.56,-3.46,3.82,8.95,00:00:14,2025/11/01,919.10,-22.28677133,-42.54150733,5,1,-100
2025-10-31 21:00:19,#100,295651,738,0.68,21.21,nan,922.24,-0.46,0.14,0.24,-0.68,3.05,6.61,00:00:15,2025/11/01,919.10,-22.28678100,-42.54150967,5,1,-105
2025-10-31 21:00:23,#100,297125,w02&1.05&2-RIma,922.19,0.10,0.03,0.18,-1.38,6.59,8.25,00:00:16,2025/11/01,919.10,-22.28679667,-42.54152500,5,1,-109
2025-10-31 21:00:25,#100,298235,745,1.01,21.12,nan,922.20,-0.24,0.35,0.29,-3.23,4.89,8.91,00:00:17,2025/11/01,919.10,-22.28681000,-42.54153117,5,1,-107
2025-10-31 21:00:26,#100,299357,748,0.94,21.11,nan,922.21,-0.92,0.32,-0.18,-0.99,4.86,9.67,00:00:18,2025/11/01,919.00,-22.28682200,-42.54154033,5,1,-109
2025-10-31 21:00:27,#100,300611,751,1.58,21.10,nan,922.14,-0.03,0.18,0.00,0.29,7.03,7.48,00:00:20,2025/11/01,919.10,-22.28684383,-42.54154950,5,1,-104
2025-10-31 21:00:27,#100,301372,753,1.81,21.09,nan,922.11,-0.26,0.08,0.40,-1.23,3.83,8.35,00:00:20,2025/11/01,919.10,-22.28684383,-42.54154950,5,1,-110
2025-10-31 21:00:28,#100,302127,755,2.42,21.08,nan,922.04,-0.42,0.78,0.86,-2.64,1.12,5.95,00:00:21,2025/11/01,919.00,-22.28684883,-42.54156333,5,1,-103
2025-10-31 21:00:28,#100,302877,757,2.31,21.07,nan,922.06,-0.23,0.67,0.77,-3.00,2.53,6.50,00:00:22,2025/11/01,919.10,-22.28685000,-42.54157117,5,1,-105
2025-10-31 21:00:29,#100,303638,759,2.77,21.07,nan,922.01,0.03,-0.01,0.08,-2.69,4.32,6.91,00:00:23,2025/11/01,919.10,-22.28685600,-42.54157917,5,1,-108
2025-10-31 21:00:29,#100,304781,762,3.26,21.06,nan,921.95,-0.47,0.39,0.37,-3.26,1.96,8.19,00:00:24,2025/11/01,919.10,-22.28687233,-42.54157950,5,1,-111
2025-10-31 21:00:30,#100,305928,765,3.55,21.02,nan,921.92,-0.51,0.98,0.44,-3.30,4.30,10.05,00:00:25,2025/11/01,919.10,-22.28688133,-42.54159267,5,1,-115
2025-10-31 21:00:31,#100,306794,767,4.07,21.02,nan,921.86,0.03,0.33,0.21,-3.26,3.63,7.99,00:00:26,2025/11/01,919.10,-22.28689217,-42.54159333,5,1,-104
2025-10-31 21:00:40,#100,310100,776,5.00,21.01,nan,921.76,-0.25,0.45,0.64,-2.28,3.35,8.05,00:00:29,2025/11/01,919.10,-22.28689667,-42.54160383,5,1,-113
2025-10-31 21:00:41,#100,310467,777,4.67,20.99,nan,921.80,-0.13,-0.27,0.32,-1.59,4.24,7.12,00:00:30,2025/11/01,919.10,-22.28687850,-42.54160250,5,1,-104
2025-10-31 21:00:41,#100,311218,779,5.29,20.98,nan,921.73,-0.29,-0.41,0.29,-1.26,5.12,9.84,00:00:30,2025/11/01,919.10,-22.28687850,-42.54160250,5,1,-109
2025-10-31 21:00:42,#100,311970,781,5.59,20.98,nan,921.70,-0.72,0.57,0.43,-2.59,2.49,5.07,00:00:31,2025/11/01,919.00,-22.28688017,-42.54160300,5,1,-112
2025-10-31 21:00:42,#100,312475,782,5.57,20.97,nan,921.70,0.11,0.53,0.92,-0.95,3.83,8.01,00:00:32,2025/11/01,919.00,-22.28688400,-42.54161933,5,1,-104
2025-10-31 21:00:44,#100,313591,785,5.66,20.99,nan,921.69,-0.12,-0.01,0.20,-2.27,4.11,8.53,00:00:33,2025/11/01,918.90,-22.28689450,-42.54163133,5,1,-107
2025-10-31 21:00:44,#100,314346,787,5.52,21.05,nan,921.71,0.07,0.79,0.93,-2.25,5.09,6.72,00:00:33,2025/11/01,918.90,-22.28689450,-42.54531006,1,-117
2025-10-31 21:00:45,#100,315109,789,5.59,21.06,nan,921.70,-0.60,0.71,1.28,-1.36,4.90,9.57,00:00:34,2025/11/01,918.90,-22.28690600,-42.54164333,5,1,-105
2025-10-31 21:00:46,#100,315862,791,5.98,21.08,nan,921.66,-0.68,-0.16,-0.12,-3.00,5.26,7.86,00:00:35,2025/11/01,918.90,-22.28690817,-42.54164450,5,1,-108
2025-10-31 21:00:47,#100,317414,795,6.21,21.08,nan,921.63,0.12,-0.20,-0.01,-0.87,6.57,9.56,00:00:36,2025/11/01,918.90,-22.28692083,-42.54164817,5,1,-104
2025-10-31 21:00:48,#100,318630,798,6.45,21.05,nan,921.60,0.44,-0.45,-0.02,-1.35,6.45,7.60,00:00:38,2025/11/01,918.80,-22.28692517,-42.54166583,5,1,-114
2025-10-31 21:00:48,#100,318997,799,6.76,21.06,nan,921.57,-0.77,0.49,0.62,-1.49,5.53,8.56,00:00:38,2025/11/01,918.80,-22.28692517,-42.54166583,5,1,-103
2025-10-31 21:00:49,#100,319366,800,7.20,21.08,nan,921.52,0.06,0.09,0.56,-1.13,5.47,7.36,00:00:38,2025/11/01,918.80,-22.28692517,-42.54166583,5,1,-106
2025-10-31 21:00:49,#100,320099,802,7.22,21.06,nan,921.52,-0.33,0.34,0.76,-1.44,4.17,7.84,00:p4z79,2025/11/01,918.70,-22.28693283,-42.54167100,5,1,-107
2025-10-31 21:00:52,#100,321205,805,7.60,21.05,nan,921.48,0.29,0.61,0.27,-3.11,5.84,9.99,00:00:40,2025/11/01,918.60,-22.28693133,-42.54166350,5,1,-110
2025-10-31 21:00:53,#100,321949,807,7.95,21.07,nan,921.44,-0.76,0.11,0.83,-1.39,5.16,9.50,00:00:41,2025/11/01,918.50,-22.28692917,-42.54165017,5,1,-101
2025-10-31 21:00:54,#100,322317,808,8.24,21.07,nan,921.41,0.29,-0.25,0.14,-0.67,6.14,9.67,00:00:41,2025/11/01,918.50,-22.28692917,-42.54165017,5,1,-103
2025-10-31 21:00:54,#100,323803,812,8.79,21.05,nan,921.35,-0.50,0.41,1.02,-1.72,2.68,8.10,00:00:43,2025/11/01,918.40,-22.28692700,-42.54164417,5,1,-108
2025-10-31 21:00:55,#100,324683,814,9.24,21.05,nan,921.31,-0.25,0.50,1.11,-1.51,3.52,8.81,00:00:44,2025/11/01,918.50,-22.28692567,-42.54164700,5,1,-104
2025-10-31 21:00:55,#100,325055,815,8.88,21.06,nan,921.34,-0.46,0.37,0.30,-2.47,4.30,9.68,00:00:44,2025/11/01,918.50,-22.28692567,-42.54164700,5,1,-98
2025-10-31 21:00:56,#100,325424,816,9.26,21.09,nan,921.30,-0.26,-0.13,0.19,-0.87,3.00,5.96,00:00:45,2025/11/01,918.50,-22.28692300,-42.54165067,5,1,-98
2025-10-31 21:00:56,#100,326180,818,9.06,21.14,nan,921.32,-0.35,0.92,0.96,-1.41,3.43,8.29,00:00:45,2025/11/01,918.40,-22.28692300,-42.54165067,5,1,-97
2025-10-31 21:00:58,#100,327698,822,9.33,21.11,nan,921.29,0.47,0.65,-0.51,-3.52,3.21,6.47,00:00:47,2025/11/01,918.40,-22.28692583,-42.54166517,5,1,-106
2025-10-31 21:00:58,#100,328468,824,9.57,21.11,nan,921.26,-0.20,-0.34,-0.11,-0.80,5.55,9.35,00:00:48,2025/11/01,918.40,-22.28692967,-42.54166717,5,1,-98
2025-10-31 21:00:59,#100,328853,825,9.25,21.13,nan,921.30,-0.42,0.44,0.22,-3.17,4.30,8.13,00:00:48,2025/11/01,918.40,-22.28692967,-42.54166717,5,1,-97
2025-10-31 21:00:59,#100,329269,826,9.51,21.13,nan,921.27,0.66,0.42,0.25,-2.24,3.46,6.87,00:00:48,2025/11/01,918.40,-22.28692967,-42.54166717,5,1,-99
2025-10-31 21:01:00,#100,330004,828,9.34,21.13,nan,921.29,-0.39,0.40,0.95,-2.05,5.27,10.29,00:00:49,2025/11/01,918.40,-22.28692833,-42.54167267,5,1,-108
2025-10-31 21:01:00,#100,330371,829,9.09,21.14,nan,921.32,0.48,0.29,0.39,-0.55,4.95,10.10,00:00:49,2025/11/01,918.40,-22.28692833,-42.54167267,5,1,-100
2025-10-31 21:01:01,#100,330864,830,8.98,21.14,nan,921.33,-0.19,0.64,0.19,-2.46,3.61,8.78,00:00:50,2025/11/01,918.60,-22.28693217,-42.54166583,5,1,-96
2025-10-31 21:01:01,#100,331223,831,9.34,21.15,nan,921.29,-0.53,0.38,0.75,-1.86,2.79,6.01,00:00:50,2025/11/01,918.60,-22.28693217,-42.54166583,5,1,-100
2025-10-31 21:01:02,#100,331585,832,8.82,21.15,nan,921.35,-0.47,-0.68,-0.40,-0.17,4.86,8.85,00:00:51,2025/11/01,918.30,-22.28692750,-42.54166000,5,1,-97
2025-10-31 21:01:02,#100,331953,833,9.34,21.14,nan,921.29,-0.22,0.75,-0.09,-1.85,4.76,9.99,00:00:51,2025/11/01,918.30,-22.28692750,-42.54166000,5,1,-97
2025-10-31 21:01:03,#100,332321,834,9.67,21.15,nan,921.25,0.41,-0.04,-1.01,-1.36,2.74,6.12,00:00:51,2025/11/01,918.30,-22.28692750,-42.54166000,5,1,-93
2025-10-31 21:01:03,#100,332686,835,9.40,21.15,nan,921.28,0.48,-0.68,-1.23,-0.89,4.35,9.05,00:00:52,2025/11/01,918.10,-22.28691950,-42.54165750,4,1,-92
2025-10-31 21:01:04,#100,333068,836,9.61,21.15,nan,921.26,-0.06,0.37,0.04,-2.00,3.68,9.66,00:00:52,2025/11/01,918.10,-22.28691950,-42.54165750,4,1,-93
2025-10-31 21:01:04,#100,333435,837,9.16,21.16,nan,921.31,0.41,0.49,0.22,-1.35,3.86,7.41,00:00:53,2025/11/01,918.10,-22.28691817,-42.54165733,4,1,-87
2025-10-31 21:01:05,#100,333801,838,9.31,21.15,nan,921.29,-0.01,-0.25,-0.73,-1.50,3.32,7.47,00:00:53,2025/11/01,918.10,-22.28691817,-42.54165733,5,1,-91
2025-10-31 21:01:05,#100,334176,839,9.27,21.16,nan,921.30,-0.14,0.20,0.29,0.17,2.64,11.89,00:00:53,2025/11/01,918.10,-22.28691817,-42.54165733,5,1,-87
2025-10-31 21:01:06,#100,334542,840,9.21,21.17,nan,921.30,-0.05,0.08,-0.22,-0.85,5.03,9.57,00:00:54,2025/11/01,917.70,-22.28691083,-42.54164917,5,1,-86
2025-10-31 21:01:06,#100,334921,841,9.49,21.17,nan,921.27,0.95,-0.23,-0.91,-3.33,1.00,8.06,00:00:54,2025/11/01,917.70,-22.28691083,-42.54164917,5,1,-98
2025-10-31 21:01:07,#100,335301,842,8.97,21.18,nan,921.33,0.01,0.71,0.89,-0.58,2.84,6.73,00:00:54,2025/11/01,917.70,-22.28691083,-42.54164917,5,1,-89
2025-10-31 21:01:07,#100,336047,844,9.27,21.19,nan,921.30,0.40,0.50,-0.18,-3.37,3.42,9.42,00:00:55,2025/11/01,917.60,-22.28690617,-42.54164567,5,1,-87
2025-10-31 21:01:08,#100,336421,845,8.98,21.18,nan,921.33,-0.14,0.53,0.43,-1.56,3.95,7.34,00:00:56,2025/11/01,917.60,-22.28690517,-42.54164900,5,1,-96
2025-10-31 21:01:08,#100,336921,846,9.39,21.19,nan,921.28,0.97,-0.26,-0.53,-1.57,2.17,4.71,00:00:56,2025/11/01,917.60,-22.28690517,-42.54164900,5,1,-91
2025-10-31 21:01:09,#100,337306,847,9.15,21.20,nan,921.31,-1.42,-0.26,0.30,-1.34,5.03,6.81,00:00:56,2025/11/01,917.60,-22.28690517,-42.54164900,5,1,-87
2025-10-31 21:01:09,#100,337683,848,8.87,21.21,nan,921.34,-0.64,-0.58,-0.40,-1.21,8.08,7.70,00:00:57,2025/11/01,917.30,-22.28690433,-42.54166183,5,1,-86
2025-10-31 21:01:10,#100,338448,850,8.91,21.22,nan,921.34,0.60,0.97,-0.02,-1.86,6.03,5.81,00:00:58,2025/11/01,917.30,-22.28690350,-42.54165800,5,1,-84
2025-10-31 21:01:10,#100,338827,851,9.20,21.22,nan,921.30,-0.43,-0.16,-0.11,-1.88,4.68,4.98,00:00:58,2025/11/01,917.30,-22.28690350,-42.54165800,4,1,-81
2025-10-31 21:01:11,#100,339598,853,8.88,21.23,nan,921.34,-0.81,-0.30,0.02,-0.77,7.11,10.05,00:00:59,2025/11/01,917.30,-22.28689850,-42.54166167,4,1,-89
2025-10-31 21:01:11,#100,340365,855,8.83,21.24,nan,921.34,0.23,0.32,0.01,-2.71,3.61,5.64,00:00:59,2025/11/01,917.30,-22.28689850,-42.54166167,4,1,-85
2025-10-31 21:01:12,#100,341130,857,8.86,21.25,nan,921.34,-0.78,-0.10,-0.03,-1.61,7.41,10.50,00:01:00,2025/11/01,917.50,-22.28690333,-42.54166317,5,1,-88
2025-10-31 21:01:12,#100,341915,859,9.08,21.25,nan,921.32,-0.04,0.35,-0.07,-3.48,6.57,7.85,00:01:01,2025/11/01,917.60,-22.28690717,-42.54168217,5,1,-85
2025-10-31 21:01:13,#100,342286,860,9.05,21.25,nan,921.32,-0.30,0.14,0.15,-2.64,4.17,5.43,00:01:01,2025/11/01,917.60,-22.28690717,-42.54168217,5,1,-83
2025-10-31 21:01:13,#100,343144,862,9.16,21.26,nan,921.31,-0.05,-0.42,0.35,-2.09,5.55,9.00,00:01:02,2025/11/01,917.40,-22.28690900,-42.54169317,4,1,-85
2025-10-31 21:01:14,#100,343512,863,9.08,21.27,nan,921.32,0.40,-0.31,0.62,-1.00,6.98,8.51,00:01:03,2025/11/01,917.40,-22.28691333,-42.54169267,4,1,-83
2025-10-31 21:01:14,#100,343877,864,9.11,21.27,nan,921.31,0.50,0.26,0.10,-3.45,6.30,6.89,00:01:03,2025/11/01,917.70,-22.28691333,-42.54169267,5,1,-88
2025-10-31 21:01:15,#100,344244,865,9.22,21.28,nan,921.30,0.08,0.55,0.06,-2.51,4.69,4.23,00:01:03,2025/11/01,917.70,-22.28691333,-42.54169267,5,1,-80
2025-10-31 21:01:15,#100,344602,866,8.98,21.28,nan,921.33,-0.23,-0.27,-0.50,-2.35,4.05,6.09,00:01:04,2025/11/01,917.30,-22.28691433,-42.54170700,5,1,-94
2025-10-31 21:01:16,#100,345353,868,9.36,21.29,nan,921.29,0.15,0.37,-0.07,-3.18,6.50,8.59,00:01:04,2025/11/01,917.30,-22.28691433,-42.54170700,5,1,-83
2025-10-31 21:01:16,#100,345719,869,9.26,21.30,nan,921.30,0.33,-0.09,-0.13,-2.82,4.29,6.49,00:01:05,2025/11/01,917.50,-22.28691717,-42.54170067,5,1,-78
2025-10-31 21:01:17,#100,346475,871,9.35,21.32,nan,921.29,-0.24,-0.23,0.29,-3.19,7.33,8.30,00:01:06,2025/11/01,917.50,-22.28691817,-42.54170083,5,1,-85
2025-10-31 21:01:17,#100,347224,873,9.25,21.33,nan,921.30,0.17,0.44,0.09,-3.06,4.16,4.30,00:01:06,2025/11/01,917.30,-22.28691817,-42.54170083,5,1,-84
2025-10-31 21:01:18,#100,347593,874,9.08,21.34,nan,921.32,0.71,0.12,0.00,-3.39,5.89,8.31,00:01:07,2025/11/01,917.40,-22.28691233,-42.54170883,5,1,-80
2025-10-31 21:01:18,#100,348339,876,9.31,21.36,nan,921.29,0.06,0.49,0.01,-2.78,1.42,-9.34,00:01:07,2025/11/01,917.40,-22.28691233,-42.54170883,5,1,-75
2025-10-31 21:01:19,#100,349364,878,9.12,21.37,nan,921.31,0.13,0.21,-0.16,-2.08,7.41,7.08,00:01:08,2025/11/01,917.40,-22.28691417,-42.54171400,5,1,-75
2025-10-31 21:01:19,#100,349789,879,9.37,21.38,nan,921.29,-0.29,-0.12,-0.29,-4.23,6.24,7.65,00:01:09,2025/11/01,917.20,-22.28691750,-42.54173100,5,1,-86
2025-10-31 21:01:20,#100,350895,881,9.21,21.39,nan,921.30,-0.12,0.06,0.38,-4.24,8.99,8.94,00:01:10,2025/11/01,917.50,-22.28691967,-42.54173250,5,1,-80
2025-10-31 21:01:20,#100,351442,882,9.12,21.43,nan,921.31,-0.05,-0.33,-0.20,-2.55,7.56,7.86,00:01:11,2025/11/01,917.50,-22.28691950,-42.54173983,5,1,-81
2025-10-31 21:01:21,#100,351991,883,8.95,21.44,nan,921.33,-0.06,0.15,0.31,-2.92,4.81,7.90,00:01:11,2025/11/01,917.40,-22.28691950,-42.54173983,4,1,-79
2025-10-31 21:01:21,#100,352547,884,9.26,21.44,nan,921.30,0.76,-0.32,-0.15,-3.80,5.80,5.70,00:01:12,2025/11/01,917.50,-22.28691933,-42.54175133,4,1,-78
2025-10-31 21:01:22,#100,353100,885,9.32,21.45,nan,921.29,-0.79,-0.03,0.36,-2.32,3.95,4.36,00:01:12,2025/11/01,917.50,-22.28691933,-42.54175133,4,1,-86
2025-10-31 21:01:22,#100,354200,887,9.48,21.46,nan,921.27,0.07,0.28,-0.14,-4.51,4.36,4.20,00:01:13,2025/11/01,917.60,-22.28691567,-42.54176283,4,1,-71
2025-10-31 21:01:23,#100,355305,889,9.19,21.49,nan,921.31,0.01,-0.10,-0.21,-2.15,6.29,7.39,00:01:14,2025/11/01,917.00,-22.28691883,-42.54178950,4,1,-73
2025-10-31 21:01:23,#100,355883,890,9.17,21.49,nan,921.31,-0.50,0.23,-0.19,-2.94,5.89,8.52,00:01:15,2025/11/01,917.10,-22.28691800,-42.54179617,4,1,-70
2025-10-31 21:01:24,#100,356380,891,9.23,21.50,nan,921.30,-0.45,-0.56,0.08,-2.20,6.99,7.53,00:01:15,2025/11/01,917.10,-22.28691800,-42.54179617,4,1,-75
2025-10-31 21:01:24,#100,356926,892,9.16,21.51,nan,921.31,0.09,0.35,-0.20,-2.09,6.21,8.40,00:01:16,2025/11/01,917.20,-22.28691983,-42.54180933,4,1,-77
2025-10-31 21:01:25,#100,358156,894,9.10,21.52,nan,921.32,-0.32,0.31,-0.21,-2.07,3.59,5.24,00:01:17,2025/11/01,917.10,-22.28692200,-42.54182417,4,1,-74
2025-10-31 21:01:25,#100,360232,898,9.16,21.55,nan,921.31,0.64,0.03,-0.61,-2.69,3.55,7.08,00:01:19,2025/11/01,917.70,-22.28692117,-42.54185333,5,1,-78
2025-10-31 21:01:27,#100,362434,902,9.24,21.49,nan,921.30,-1.10,0.33,1.18,-2.06,5.28,7.82,00:01:22,2025/11/01,916.60,-22.28694300,-42.54192583,5,1,-73
2025-10-31 21:01:27,#100,363538,904,9.17,21.45,nan,921.31,0.24,0.09,-0.08,-1.61,5.50,7.02,00:01:23,2025/11/01,915.90,-22.28694583,-42.54193550,5,1,-64
2025-10-31 21:01:28,#100,364635,906,9.01,21.43,nan,921.32,0.15,-0.39,-0.11,-1.19,5.44,7.80,00:01:24,2025/11/01,914.70,-22.28695400,-42.54193700,5,1,-65
2025-10-31 21:01:28,#100,365187,907,9.15,21.43,nan,921.31,-0.25,-0.32,-0.75,-0.59,6.35,7.35,00:01:24,2025/11/01,914.70,-22.28695400,-42.54193700,5,1,-63
2025-10-31 21:01:29,#100,366967,910,9.07,21.44,nan,921.32,0.02,0.53,0.46,-1.06,3.75,6.62,00:01:26,2025/11/01,911.90,-22.28697133,-42.54200300,4,1,-71
2025-10-31 21:01:29,#100,367941,912,9.01,21.44,nan,921.32,-0.30,0.66,0.07,-1.36,3.76,7.78,00:01:27,2025/11/01,911.20,-22.28697700,-42.54201717,5,1,-63
2025-10-31 21:01:30,#100,369040,914,9.05,21.43,nan,921.32,-0.09,-0.35,-0.89,-3.48,3.74,8.03,00:01:28,2025/11/01,910.00,-22.28697283,-42.54203317,4,1,-73
2025-10-31 21:01:30,#100,369594,915,9.54,21.44,nan,921.27,-0.11,-0.57,-0.66,-3.08,5.01,7.24,00:01:29,2025/11/01,909.90,-22.28697050,-42.54203450,5,1,-52
2025-10-31 21:01:31,#100,370698,917,9.44,21.48,nan,921.28,-0.47,0.39,0.43,-4.53,2.52,9.88,00:01:30,2025/11/01,909.10,-22.28696967,-42.54203400,5,1,-55
2025-10-31 21:01:31,#100,371796,919,9.31,21.51,nan,921.29,0.06,-0.33,0.18,-2.52,2.85,8.34,00:01:31,2025/11/01,908.50,-22.28697417,-42.54203933,5,1,-58
2025-10-31 21:01:32,#100,372345,920,8.93,21.52,nan,921.33,-0.04,0.10,-0.02,-0.41,5.58,8.24,00:01:31,2025/11/01,908.50,-22.28697417,-42.54203933,5,1,-49
2025-10-31 21:01:32,#100,372899,921,9.39,21.53,nan,921.28,-0.46,0.72,0.06,-1.16,5.78,8.42,00:01:32,2025/11/01,908.10,-22.28697233,-42.54204067,5,1,-50
2025-10-31 21:01:33,#100,373980,923,9.08,21.56,nan,921.32,0.23,-0.61,-1.10,0.21,5.49,7.29,00:01:33,2025/11/01,907.00,-22.28697617,-42.54205450,5,1,-54
2025-10-31 21:01:33,#100,375083,925,9.44,21.57,nan,921.28,-0.11,0.15,-0.05,-0.94,5.51,7.42,00:01:34,2025/11/01,905.50,-22.28697400,-42.54206300,5,1,-49
2025-10-31 21:01:34,#100,376178,927,8.92,21.58,nan,921.34,-0.51,0.18,-0.61,-2.53,5.74,6.04,00:01:35,2025/11/01,903.90,-22.28697533,-42.54206867,5,1,-49
2025-10-31 21:01:34,#100,376727,928,9.17,21.59,nan,921.31,0.22,0.09,0.33,-2.29,3.89,8.03,00:01:36,2025/11/01,902.80,-22.28697517,-42.54207383,5,1,-48
2025-10-31 21:01:35,#100,377283,929,9.26,21.60,nan,921.30,-0.15,0.02,0.49,-2.34,5.06,8.15,00:01:36,2025/11/01,902.80,-22.28697517,-42.54207383,5,1,-52
2025-10-31 21:01:35,#100,377832,930,9.09,21.61,nan,921.32,-0.34,0.35,1.32,-0.78,4.07,9.22,00:01:37,2025/11/01,902.10,-22.28697700,-42.54208033,5,1,-50
2025-10-31 21:01:36,#100,378934,932,9.11,21.57,nan,921.31,-0.28,0.37,0.83,-2.00,4.97,6.98,00:01:38,2025/11/01,909.00,-22.28696433,-42.54205967,4,1,-59
2025-10-31 21:01:36,#100,380036,934,8.91,21.54,nan,921.34,0.61,-0.68,-0.70,-0.83,3.80,7.44,00:01:39,2025/11/01,909.00,-22.28696233,-42.54205400,5,1,-60
2025-10-31 21:01:38,#100,381134,936,9.00,21.55,nan,921.33,-0.65,0.81,1.55,-1.44,2.56,7.94,00:01:40,2025/11/01,909.00,-22.28696200,-42.54205300,5,1,-59
2025-10-31 21:01:38,#100,381692,937,9.00,21.56,nan,921.33,0.55,0.43,0.87,-1.37,6.57,8.13,00:01:41,2025/11/01,909.00,-22.28696117,-42.54205883,5,1,-57
2025-10-31 21:01:39,#100,382787,939,8.97,21.55,nan,921.33,-0.08,-2.06,-0.48,-2.25,2.83,4.07,00:01:42,2025/11/01,908.90,-22.28696017,-42.54206450,5,1,-60
2025-10-31 21:01:40,#100,383339,940,9.09,21.57,nan,921.32,0.19,0.26,-0.22,2.89,9.99,7.16,00:01:42,2025/11/01,908.90,-22.28696017,-42.54206450,5,1,-66
2025-10-31 21:01:41,#100,384565,942,8.84,21.57,nan,921.34,-0.14,0.21,-0.28,-1.13,6.05,7.29,00:01:44,2025/11/01,908.60,-22.28695733,-42.54208317,5,1,-63
2025-10-31 21:01:42,#100,384993,943,8.95,21.57,nan,921.33,0.08,-0.39,-0.76,-0.32,5.60,6.58,00:01:44,2025/11/01,908.60,-22.28695733,-42.54208317,5,1,-55
2025-10-31 21:01:43,#100,386096,945,8.51,21.58,nan,921.38,0.44,-0.31,-0.55,0.39,4.39,8.49,00:01:45,2025/11/01,908.50,-22.28695900,-42.54208800,5,1,-70
2025-10-31 21:01:44,#100,387193,947,8.85,21.60,nan,921.34,-0.23,0.12,-0.18,0.50,3.22,9.07,00:01:46,2025/11/01,908.50,-22.28695833,-42.54208783,5,1,-71
2025-10-31 21:01:45,#100,387743,948,8.63,21.62,nan,921.37,-0.17,0.30,0.43,-0.07,3.52,8.45,00:01:47,2025/11/01,908.50,-22.28695750,-42.54208917,5,1,-59
2025-10-31 21:01:45,#100,388846,950,8.42,21.64,nan,921.39,0.07,0.12,0.06,-0.49,3.24,8.66,00:01:48,2025/11/01,908.50,-22.28695933,-42.54208967,5,1,-55
2025-10-31 21:01:47,#100,389951,952,8.83,21.66,nan,921.35,-0.05,-0.07,-0.25,-0.57,3.34,8.60,00:01:49,2025/11/01,908.40,-22.28695983,-42.54208933,5,1,-53
2025-10-31 21:01:48,#100,391083,954,8.51,21.68,nan,921.38,0.02,0.13,0.08,-1.20,2.61,8.17,00:01:50,2025/11/01,908.40,-22.28696333,-42.54209250,5,1,-53
2025-10-31 21:01:49,#100,392130,956,8.44,21.72,nan,921.39,0.02,0.10,-0.25,-0.54,3.18,9.56,00:01:51,2025/11/01,908.40,-22.28696350,-42.54208950,5,1,-54
2025-10-31 21:01:50,#100,393358,958,8.50,21.78,nan,921.38,-0.16,0.41,-0.17,1.19,2.97,7.85,00:01:52,2025/11/01,908.30,-22.28696650,-42.54208867,5,1,-64
2025-10-31 21:01:50,#100,393782,959,8.70,21.79,nan,921.36,-0.02,-0.10,-0.05,0.98,3.75,8.73,00:01:53,2025/11/01,908.30,-22.28697133,-42.54209350,5,1,-60
2025-10-31 21:01:52,#100,394884,961,8.72,21.78,nan,921.36,-0.02,-0.11,0.12,1.06,3.79,8.85,00:01:54,2025/11/01,908.20,-22.28698017,-42.54212683,5,1,-58
2025-10-31 21:01:52,#100,395431,962,8.38,21.77,nan,921.39,-0.07,0.16,-0.07,0.76,4.13,8.33,00:01:55,2025/11/01,908.20,-22.28698133,-42.54213900,5,1,-55
2025-10-31 21:01:53,#100,396539,964,9.21,21.78,nan,921.30,-0.07,-0.12,0.04,1.03,4.14,8.48,00:01:56,2025/11/01,908.20,-22.28697933,-42.54213217,5,1,-56
2025-10-31 21:01:54,#100,397636,966,8.34,21.80,nan,921.40,0.40,-0.20,0.47,0.09,3.64,8.91,00:01:57,2025/11/01,908.20,-22.28697567,-42.54213967,5,1,-54
2025-10-31 21:01:55,#100,398733,968,9.06,21.81,nan,921.32,-0.16,-0.16,-0.15,1.07,4.65,9.17,00:01:58,2025/11/01,908.30,-22.28697500,-42.54213700,5,1,-55
2025-10-31 21:01:57,#100,399838,970,8.67,21.83,nan,921.36,-0.09,-0.00,-0.09,0.57,4.52,8.32,00:01:59,2025/11/01,908.20,-22.28697300,-42.54213017,5,1,-55
2025-10-31 21:01:57,#100,400942,972,8.75,21.85,nan,921.35,-0.05,0.05,0.12,0.49,4.00,8.38,00:02:00,2025/11/01,908.20,-22.28697200,-42.54213583,5,1,-58
2025-10-31 21:01:59,#100,402164,974,8.91,21.86,nan,921.34,-0.02,0.05,-0.02,0.47,4.04,8.41,00:02:01,2025/11/01,908.10,-22.28697483,-42.54214650,5,1,-57
2025-10-31 21:01:59,#100,402589,975,8.80,21.87,nan,921.35,-0.02,-0.03,0.02,0.60,4.36,8.49,00:02:02,2025/11/01,908.00,-22.28697700,-42.54214783,5,1,-58
2025-10-31 21:02:00,#100,403700,977,8.80,21.89,nan,921.35,-0.01,-0.01,-0.00,0.62,4.55,8.21,00:02:03,2025/11/01,908.00,-22.28698150,-42.54215167,5,1,-59
2025-10-31 21:02:01,#100,404245,978,8.98,21.90,nan,921.33,0.02,0.02,0.09,0.62,4.92,7.90,00:02:03,2025/11/01,908.00,-22.28698150,-42.54215167,5,1,-57
2025-10-31 21:02:02,#100,405415,980,8.79,21.92,nan,921.35,-0.00,0.02,0.02,0.71,5.03,8.02,00:02:04,2025/11/01,907.90,-22.28698183,-42.54214750,5,1,-58
2025-10-31 21:02:03,#100,406452,982,8.93,21.95,nan,921.33,-0.04,0.02,0.01,0.53,4.79,7.95,00:02:06,2025/11/01,907.80,-22.28697967,-42.54213983,5,1,-59
2025-10-31 21:02:05,#100,408102,985,8.70,22.00,nan,921.36,-0.10,-0.01,-0.01,0.56,5.01,7.98,00:02:07,2025/11/01,907.60,-22.28698400,-42.54215117,5,1,-58
2025-10-31 21:02:05,#100,408685,986,8.69,22.02,nan,921.36,-0.06,0.06,-0.01,0.57,4.87,8.15,00:02:08,2025/11/01,907.50,-22.28699017,-42.54216017,5,1,-58
2025-10-31 21:02:06,#100,409177,987,8.32,22.01,nan,921.40,-0.03,-0.00,0.02,0.41,4.77,8.05,00:02:08,2025/11/01,907.50,-22.28699017,-42.54216017,5,1,-56
2025-10-31 21:02:07,#100,410292,989,8.65,21.98,nan,921.36,-0.06,0.02,0.01,0.74,5.15,7.89,00:02:09,2025/11/01,907.50,-22.28698667,-42.54215617,5,1,-56
2025-10-31 21:02:08,#100,411378,991,8.63,21.97,nan,921.37,-0.05,0.04,0.02,0.57,5.07,7.89,00:02:10,2025/11/01,907.40,-22.28698800,-42.54215883,5,1,-55
2025-10-31 21:02:08,#100,411930,992,8.69,21.97,nan,921.36,-0.07,0.00,-0.00,0.73,5.14,7.98,00:02:11,2025/11/01,907.30,-22.28699000,-42.54216433,5,1,-56
2025-10-31 21:02:10,#100,413032,994,8.38,21.98,nan,921.39,-0.05,-0.01,-0.10,0.89,5.87,8.04,00:02:12,2025/11/01,907.20,-22.28699133,-42.54216400,5,1,-59
2025-10-31 21:02:11,#100,414137,996,9.03,21.98,nan,921.37,-0.21,-0.11,-0.28,-1.55,0.11,10.34,00:02:13,2025/11/01,907.10,-22.28699300,-42.54216433,5,1,-57
2025-10-31 21:02:12,#100,415235,998,8.53,21.99,nan,921.38,-0.19,0.04,0.11,-0.28,-0.84,8.79,00:02:14,2025/11/01,907.00,-22.28699317,-42.54216417,5,1,-58
2025-10-31 21:02:13,#100,416338,1000,8.49,22.04,nan,921.38,0.03,-0.10,-0.00,-0.41,-1.18,9.30,00:02:15,2025/11/01,906.90,-22.28700300,-42.54218867,5,1,-61
